1f2c53ee-3284-4bd2-95ea-e3c0e52f82bc,b1861ea7-211f-4f7a-b47a-3d2400915ed5,235735
0a63b0eb-3be3-44d3-a8ab-4ad0bfb52de4,02b67ba4-9745-4cf1-99fc-f265fa66208a,191605
8a827925-5e26-4805-afca-6bdc213ac807,d88c7b4e-6c43-432c-a97e-b4bcdcf4ca25,599219
91c7e56f-949b-41db-988e-9e519da20031,153823d0-b74a-4896-8651-af4ea54420c9,677878
153823d0-b74a-4896-8651-af4ea54420c9,1f2c53ee-3284-4bd2-95ea-e3c0e52f82bc,580751
8a827925-5e26-4805-afca-6bdc213ac807,6c52ca04-4be0-4da0-b114-b1c032949105,145459
02b67ba4-9745-4cf1-99fc-f265fa66208a,6c52ca04-4be0-4da0-b114-b1c032949105,883572
0a63b0eb-3be3-44d3-a8ab-4ad0bfb52de4,8a827925-5e26-4805-afca-6bdc213ac807,104316
520cb69c-9e4a-4100-84a1-f7d5445a024d,a797c9be-ccc5-4b33-9207-003f2c2d620a,358730
1f2c53ee-3284-4bd2-95ea-e3c0e52f82bc,34ff45be-e9e4-475e-b6a2-0d48aaa93963,795395
00648f31-1ba8-4e29-a7fb-98ba7291e0f4,1780b29d-3475-495a-9da5-abc8f7ea19c0,791156
0d3e50df-a1b4-4442-853f-2168810c4c4c,a797c9be-ccc5-4b33-9207-003f2c2d620a,291806
0d3e50df-a1b4-4442-853f-2168810c4c4c,153823d0-b74a-4896-8651-af4ea54420c9,547261
0d3e50df-a1b4-4442-853f-2168810c4c4c,520cb69c-9e4a-4100-84a1-f7d5445a024d,413735
6c52ca04-4be0-4da0-b114-b1c032949105,a797c9be-ccc5-4b33-9207-003f2c2d620a,630509
43c215f7-36dc-43a5-bece-4afbb991d22f,00648f31-1ba8-4e29-a7fb-98ba7291e0f4,510521
a797c9be-ccc5-4b33-9207-003f2c2d620a,a797c9be-ccc5-4b33-9207-003f2c2d620a,716604
02b67ba4-9745-4cf1-99fc-f265fa66208a,8a827925-5e26-4805-afca-6bdc213ac807,904890
34ff45be-e9e4-475e-b6a2-0d48aaa93963,02b67ba4-9745-4cf1-99fc-f265fa66208a,432399
d88c7b4e-6c43-432c-a97e-b4bcdcf4ca25,1f2c53ee-3284-4bd2-95ea-e3c0e52f82bc,726470
1780b29d-3475-495a-9da5-abc8f7ea19c0,02b67ba4-9745-4cf1-99fc-f265fa66208a,607531
1780b29d-3475-495a-9da5-abc8f7ea19c0,6c52ca04-4be0-4da0-b114-b1c032949105,224603
1f2c53ee-3284-4bd2-95ea-e3c0e52f82bc,91c7e56f-949b-41db-988e-9e519da20031,659587
1f2c53ee-3284-4bd2-95ea-e3c0e52f82bc,1f2c53ee-3284-4bd2-95ea-e3c0e52f82bc,254552
1780b29d-3475-495a-9da5-abc8f7ea19c0,53cbe9ae-d2f0-480b-baee-9c699c7e53ad,848217
b1861ea7-211f-4f7a-b47a-3d2400915ed5,e8cd42b9-3a3e-4196-ad2e-5d352fd746ce,644798
520cb69c-9e4a-4100-84a1-f7d5445a024d,a797c9be-ccc5-4b33-9207-003f2c2d620a,711378
1780b29d-3475-495a-9da5-abc8f7ea19c0,b1861ea7-211f-4f7a-b47a-3d2400915ed5,568439
153823d0-b74a-4896-8651-af4ea54420c9,00648f31-1ba8-4e29-a7fb-98ba7291e0f4,261876
b1861ea7-211f-4f7a-b47a-3d2400915ed5,ab97df4d-8653-4d45-86c1-a80432394e3a,299416
34ff45be-e9e4-475e-b6a2-0d48aaa93963,ab97df4d-8653-4d45-86c1-a80432394e3a,170668
d88c7b4e-6c43-432c-a97e-b4bcdcf4ca25,153823d0-b74a-4896-8651-af4ea54420c9,822688
43c215f7-36dc-43a5-bece-4afbb991d22f,b1861ea7-211f-4f7a-b47a-3d2400915ed5,329246
0a63b0eb-3be3-44d3-a8ab-4ad0bfb52de4,00648f31-1ba8-4e29-a7fb-98ba7291e0f4,359917
0d3e50df-a1b4-4442-853f-2168810c4c4c,153823d0-b74a-4896-8651-af4ea54420c9,61773
91c7e56f-949b-41db-988e-9e519da20031,e8cd42b9-3a3e-4196-ad2e-5d352fd746ce,210787
43c215f7-36dc-43a5-bece-4afbb991d22f,41a4500f-b924-4cb1-9a10-65142404b0ef,319847
e8cd42b9-3a3e-4196-ad2e-5d352fd746ce,520cb69c-9e4a-4100-84a1-f7d5445a024d,38720
43c215f7-36dc-43a5-bece-4afbb991d22f,8a827925-5e26-4805-afca-6bdc213ac807,917955
91c7e56f-949b-41db-988e-9e519da20031,1780b29d-3475-495a-9da5-abc8f7ea19c0,252319
00648f31-1ba8-4e29-a7fb-98ba7291e0f4,d88c7b4e-6c43-432c-a97e-b4bcdcf4ca25,657372
a797c9be-ccc5-4b33-9207-003f2c2d620a,d88c7b4e-6c43-432c-a97e-b4bcdcf4ca25,452254
0a63b0eb-3be3-44d3-a8ab-4ad0bfb52de4,520cb69c-9e4a-4100-84a1-f7d5445a024d,251283
41a4500f-b924-4cb1-9a10-65142404b0ef,02b67ba4-9745-4cf1-99fc-f265fa66208a,400421
91c7e56f-949b-41db-988e-9e519da20031,a797c9be-ccc5-4b33-9207-003f2c2d620a,214916
0a63b0eb-3be3-44d3-a8ab-4ad0bfb52de4,43c215f7-36dc-43a5-bece-4afbb991d22f,943759
a797c9be-ccc5-4b33-9207-003f2c2d620a,153823d0-b74a-4896-8651-af4ea54420c9,511938
520cb69c-9e4a-4100-84a1-f7d5445a024d,b1861ea7-211f-4f7a-b47a-3d2400915ed5,993391
0a63b0eb-3be3-44d3-a8ab-4ad0bfb52de4,6c52ca04-4be0-4da0-b114-b1c032949105,546804
b1861ea7-211f-4f7a-b47a-3d2400915ed5,02b67ba4-9745-4cf1-99fc-f265fa66208a,239970
0d3e50df-a1b4-4442-853f-2168810c4c4c,153823d0-b74a-4896-8651-af4ea54420c9,982200
e8cd42b9-3a3e-4196-ad2e-5d352fd746ce,e8cd42b9-3a3e-4196-ad2e-5d352fd746ce,809603
0d3e50df-a1b4-4442-853f-2168810c4c4c,1f2c53ee-3284-4bd2-95ea-e3c0e52f82bc,492992
41a4500f-b924-4cb1-9a10-65142404b0ef,0d3e50df-a1b4-4442-853f-2168810c4c4c,566876
6c52ca04-4be0-4da0-b114-b1c032949105,02b67ba4-9745-4cf1-99fc-f265fa66208a,427014
02b67ba4-9745-4cf1-99fc-f265fa66208a,00648f31-1ba8-4e29-a7fb-98ba7291e0f4,965297
8a827925-5e26-4805-afca-6bdc213ac807,a797c9be-ccc5-4b33-9207-003f2c2d620a,934361
1780b29d-3475-495a-9da5-abc8f7ea19c0,8a827925-5e26-4805-afca-6bdc213ac807,978949
1780b29d-3475-495a-9da5-abc8f7ea19c0,0a63b0eb-3be3-44d3-a8ab-4ad0bfb52de4,701713
34ff45be-e9e4-475e-b6a2-0d48aaa93963,ab97df4d-8653-4d45-86c1-a80432394e3a,937645
34ff45be-e9e4-475e-b6a2-0d48aaa93963,520cb69c-9e4a-4100-84a1-f7d5445a024d,230653
0d3e50df-a1b4-4442-853f-2168810c4c4c,ab97df4d-8653-4d45-86c1-a80432394e3a,431383
6c52ca04-4be0-4da0-b114-b1c032949105,43c215f7-36dc-43a5-bece-4afbb991d22f,550032
1780b29d-3475-495a-9da5-abc8f7ea19c0,8a827925-5e26-4805-afca-6bdc213ac807,806739
0d3e50df-a1b4-4442-853f-2168810c4c4c,43c215f7-36dc-43a5-bece-4afbb991d22f,265873
02b67ba4-9745-4cf1-99fc-f265fa66208a,02b67ba4-9745-4cf1-99fc-f265fa66208a,733068
6c52ca04-4be0-4da0-b114-b1c032949105,e8cd42b9-3a3e-4196-ad2e-5d352fd746ce,438263
b1861ea7-211f-4f7a-b47a-3d2400915ed5,43c215f7-36dc-43a5-bece-4afbb991d22f,639294
53cbe9ae-d2f0-480b-baee-9c699c7e53ad,e8cd42b9-3a3e-4196-ad2e-5d352fd746ce,566292
1f2c53ee-3284-4bd2-95ea-e3c0e52f82bc,0d3e50df-a1b4-4442-853f-2168810c4c4c,503819
43c215f7-36dc-43a5-bece-4afbb991d22f,43c215f7-36dc-43a5-bece-4afbb991d22f,902271
53cbe9ae-d2f0-480b-baee-9c699c7e53ad,34ff45be-e9e4-475e-b6a2-0d48aaa93963,70540
6c52ca04-4be0-4da0-b114-b1c032949105,1780b29d-3475-495a-9da5-abc8f7ea19c0,875445
41a4500f-b924-4cb1-9a10-65142404b0ef,1780b29d-3475-495a-9da5-abc8f7ea19c0,74487
0d3e50df-a1b4-4442-853f-2168810c4c4c,153823d0-b74a-4896-8651-af4ea54420c9,754949
43c215f7-36dc-43a5-bece-4afbb991d22f,6c52ca04-4be0-4da0-b114-b1c032949105,540537
41a4500f-b924-4cb1-9a10-65142404b0ef,34ff45be-e9e4-475e-b6a2-0d48aaa93963,425804
02b67ba4-9745-4cf1-99fc-f265fa66208a,b1861ea7-211f-4f7a-b47a-3d2400915ed5,807325
ab97df4d-8653-4d45-86c1-a80432394e3a,41a4500f-b924-4cb1-9a10-65142404b0ef,769687
43c215f7-36dc-43a5-bece-4afbb991d22f,43c215f7-36dc-43a5-bece-4afbb991d22f,304925
520cb69c-9e4a-4100-84a1-f7d5445a024d,b1861ea7-211f-4f7a-b47a-3d2400915ed5,393005
53cbe9ae-d2f0-480b-baee-9c699c7e53ad,b1861ea7-211f-4f7a-b47a-3d2400915ed5,817791
1780b29d-3475-495a-9da5-abc8f7ea19c0,b1861ea7-211f-4f7a-b47a-3d2400915ed5,914966
d88c7b4e-6c43-432c-a97e-b4bcdcf4ca25,53cbe9ae-d2f0-480b-baee-9c699c7e53ad,332300
1780b29d-3475-495a-9da5-abc8f7ea19c0,43c215f7-36dc-43a5-bece-4afbb991d22f,317536
e8cd42b9-3a3e-4196-ad2e-5d352fd746ce,53cbe9ae-d2f0-480b-baee-9c699c7e53ad,976905
43c215f7-36dc-43a5-bece-4afbb991d22f,0a63b0eb-3be3-44d3-a8ab-4ad0bfb52de4,348349
1780b29d-3475-495a-9da5-abc8f7ea19c0,b1861ea7-211f-4f7a-b47a-3d2400915ed5,940113
8a827925-5e26-4805-afca-6bdc213ac807,0d3e50df-a1b4-4442-853f-2168810c4c4c,325749
d88c7b4e-6c43-432c-a97e-b4bcdcf4ca25,34ff45be-e9e4-475e-b6a2-0d48aaa93963,141656
00648f31-1ba8-4e29-a7fb-98ba7291e0f4,8a827925-5e26-4805-afca-6bdc213ac807,598600
34ff45be-e9e4-475e-b6a2-0d48aaa93963,1780b29d-3475-495a-9da5-abc8f7ea19c0,401934
ab97df4d-8653-4d45-86c1-a80432394e3a,41a4500f-b924-4cb1-9a10-65142404b0ef,34173
0a63b0eb-3be3-44d3-a8ab-4ad0bfb52de4,153823d0-b74a-4896-8651-af4ea54420c9,770602
43c215f7-36dc-43a5-bece-4afbb991d22f,6c52ca04-4be0-4da0-b114-b1c032949105,296761
a797c9be-ccc5-4b33-9207-003f2c2d620a,1780b29d-3475-495a-9da5-abc8f7ea19c0,299452
34ff45be-e9e4-475e-b6a2-0d48aaa93963,1f2c53ee-3284-4bd2-95ea-e3c0e52f82bc,774748
91c7e56f-949b-41db-988e-9e519da20031,91c7e56f-949b-41db-988e-9e519da20031,965935
1f2c53ee-3284-4bd2-95ea-e3c0e52f82bc,b1861ea7-211f-4f7a-b47a-3d2400915ed5,8381
53cbe9ae-d2f0-480b-baee-9c699c7e53ad,b1861ea7-211f-4f7a-b47a-3d2400915ed5,25667
6c52ca04-4be0-4da0-b114-b1c032949105,153823d0-b74a-4896-8651-af4ea54420c9,519682
53cbe9ae-d2f0-480b-baee-9c699c7e53ad,b1861ea7-211f-4f7a-b47a-3d2400915ed5,694578
8a827925-5e26-4805-afca-6bdc213ac807,153823d0-b74a-4896-8651-af4ea54420c9,337523
1780b29d-3475-495a-9da5-abc8f7ea19c0,520cb69c-9e4a-4100-84a1-f7d5445a024d,843198
34ff45be-e9e4-475e-b6a2-0d48aaa93963,43c215f7-36dc-43a5-bece-4afbb991d22f,980544
91c7e56f-949b-41db-988e-9e519da20031,e8cd42b9-3a3e-4196-ad2e-5d352fd746ce,678507
ab97df4d-8653-4d45-86c1-a80432394e3a,00648f31-1ba8-4e29-a7fb-98ba7291e0f4,518421
00648f31-1ba8-4e29-a7fb-98ba7291e0f4,0d3e50df-a1b4-4442-853f-2168810c4c4c,724246
34ff45be-e9e4-475e-b6a2-0d48aaa93963,0d3e50df-a1b4-4442-853f-2168810c4c4c,226559
0d3e50df-a1b4-4442-853f-2168810c4c4c,153823d0-b74a-4896-8651-af4ea54420c9,909484
00648f31-1ba8-4e29-a7fb-98ba7291e0f4,02b67ba4-9745-4cf1-99fc-f265fa66208a,737464
6c52ca04-4be0-4da0-b114-b1c032949105,00648f31-1ba8-4e29-a7fb-98ba7291e0f4,742912
91c7e56f-949b-41db-988e-9e519da20031,0d3e50df-a1b4-4442-853f-2168810c4c4c,788116
00648f31-1ba8-4e29-a7fb-98ba7291e0f4,1f2c53ee-3284-4bd2-95ea-e3c0e52f82bc,151790
1f2c53ee-3284-4bd2-95ea-e3c0e52f82bc,34ff45be-e9e4-475e-b6a2-0d48aaa93963,112309
6c52ca04-4be0-4da0-b114-b1c032949105,53cbe9ae-d2f0-480b-baee-9c699c7e53ad,514780
02b67ba4-9745-4cf1-99fc-f265fa66208a,43c215f7-36dc-43a5-bece-4afbb991d22f,911287
8a827925-5e26-4805-afca-6bdc213ac807,e8cd42b9-3a3e-4196-ad2e-5d352fd746ce,988479
a797c9be-ccc5-4b33-9207-003f2c2d620a,e8cd42b9-3a3e-4196-ad2e-5d352fd746ce,176371
153823d0-b74a-4896-8651-af4ea54420c9,b1861ea7-211f-4f7a-b47a-3d2400915ed5,903092
43c215f7-36dc-43a5-bece-4afbb991d22f,e8cd42b9-3a3e-4196-ad2e-5d352fd746ce,168283
43c215f7-36dc-43a5-bece-4afbb991d22f,91c7e56f-949b-41db-988e-9e519da20031,154131
34ff45be-e9e4-475e-b6a2-0d48aaa93963,e8cd42b9-3a3e-4196-ad2e-5d352fd746ce,718020
1780b29d-3475-495a-9da5-abc8f7ea19c0,43c215f7-36dc-43a5-bece-4afbb991d22f,629526
0d3e50df-a1b4-4442-853f-2168810c4c4c,41a4500f-b924-4cb1-9a10-65142404b0ef,627423
520cb69c-9e4a-4100-84a1-f7d5445a024d,ab97df4d-8653-4d45-86c1-a80432394e3a,659949
0a63b0eb-3be3-44d3-a8ab-4ad0bfb52de4,6c52ca04-4be0-4da0-b114-b1c032949105,224436
53cbe9ae-d2f0-480b-baee-9c699c7e53ad,8a827925-5e26-4805-afca-6bdc213ac807,100247
0a63b0eb-3be3-44d3-a8ab-4ad0bfb52de4,91c7e56f-949b-41db-988e-9e519da20031,452202
0d3e50df-a1b4-4442-853f-2168810c4c4c,6c52ca04-4be0-4da0-b114-b1c032949105,797936
91c7e56f-949b-41db-988e-9e519da20031,8a827925-5e26-4805-afca-6bdc213ac807,529129
43c215f7-36dc-43a5-bece-4afbb991d22f,b1861ea7-211f-4f7a-b47a-3d2400915ed5,181934
d88c7b4e-6c43-432c-a97e-b4bcdcf4ca25,43c215f7-36dc-43a5-bece-4afbb991d22f,376733
8a827925-5e26-4805-afca-6bdc213ac807,00648f31-1ba8-4e29-a7fb-98ba7291e0f4,343822
0d3e50df-a1b4-4442-853f-2168810c4c4c,00648f31-1ba8-4e29-a7fb-98ba7291e0f4,488685
153823d0-b74a-4896-8651-af4ea54420c9,34ff45be-e9e4-475e-b6a2-0d48aaa93963,59889
53cbe9ae-d2f0-480b-baee-9c699c7e53ad,0d3e50df-a1b4-4442-853f-2168810c4c4c,897130
ab97df4d-8653-4d45-86c1-a80432394e3a,6c52ca04-4be0-4da0-b114-b1c032949105,319636
0d3e50df-a1b4-4442-853f-2168810c4c4c,6c52ca04-4be0-4da0-b114-b1c032949105,301007
e8cd42b9-3a3e-4196-ad2e-5d352fd746ce,34ff45be-e9e4-475e-b6a2-0d48aaa93963,334711
6c52ca04-4be0-4da0-b114-b1c032949105,520cb69c-9e4a-4100-84a1-f7d5445a024d,859850
d88c7b4e-6c43-432c-a97e-b4bcdcf4ca25,d88c7b4e-6c43-432c-a97e-b4bcdcf4ca25,922777
6c52ca04-4be0-4da0-b114-b1c032949105,d88c7b4e-6c43-432c-a97e-b4bcdcf4ca25,789872
34ff45be-e9e4-475e-b6a2-0d48aaa93963,1f2c53ee-3284-4bd2-95ea-e3c0e52f82bc,787859
520cb69c-9e4a-4100-84a1-f7d5445a024d,0d3e50df-a1b4-4442-853f-2168810c4c4c,832212
d88c7b4e-6c43-432c-a97e-b4bcdcf4ca25,6c52ca04-4be0-4da0-b114-b1c032949105,903625
b1861ea7-211f-4f7a-b47a-3d2400915ed5,6c52ca04-4be0-4da0-b114-b1c032949105,306594
1f2c53ee-3284-4bd2-95ea-e3c0e52f82bc,02b67ba4-9745-4cf1-99fc-f265fa66208a,56432
53cbe9ae-d2f0-480b-baee-9c699c7e53ad,00648f31-1ba8-4e29-a7fb-98ba7291e0f4,893169
0d3e50df-a1b4-4442-853f-2168810c4c4c,e8cd42b9-3a3e-4196-ad2e-5d352fd746ce,164058
43c215f7-36dc-43a5-bece-4afbb991d22f,a797c9be-ccc5-4b33-9207-003f2c2d620a,162739
0d3e50df-a1b4-4442-853f-2168810c4c4c,91c7e56f-949b-41db-988e-9e519da20031,866262
b1861ea7-211f-4f7a-b47a-3d2400915ed5,34ff45be-e9e4-475e-b6a2-0d48aaa93963,659124
b1861ea7-211f-4f7a-b47a-3d2400915ed5,53cbe9ae-d2f0-480b-baee-9c699c7e53ad,763218
6c52ca04-4be0-4da0-b114-b1c032949105,153823d0-b74a-4896-8651-af4ea54420c9,577936
34ff45be-e9e4-475e-b6a2-0d48aaa93963,b1861ea7-211f-4f7a-b47a-3d2400915ed5,537281
91c7e56f-949b-41db-988e-9e519da20031,6c52ca04-4be0-4da0-b114-b1c032949105,209295
91c7e56f-949b-41db-988e-9e519da20031,520cb69c-9e4a-4100-84a1-f7d5445a024d,909755
ab97df4d-8653-4d45-86c1-a80432394e3a,153823d0-b74a-4896-8651-af4ea54420c9,776269
a797c9be-ccc5-4b33-9207-003f2c2d620a,02b67ba4-9745-4cf1-99fc-f265fa66208a,783329
1780b29d-3475-495a-9da5-abc8f7ea19c0,b1861ea7-211f-4f7a-b47a-3d2400915ed5,109544
41a4500f-b924-4cb1-9a10-65142404b0ef,0a63b0eb-3be3-44d3-a8ab-4ad0bfb52de4,792877
153823d0-b74a-4896-8651-af4ea54420c9,02b67ba4-9745-4cf1-99fc-f265fa66208a,314121
43c215f7-36dc-43a5-bece-4afbb991d22f,43c215f7-36dc-43a5-bece-4afbb991d22f,194171
43c215f7-36dc-43a5-bece-4afbb991d22f,00648f31-1ba8-4e29-a7fb-98ba7291e0f4,267601
d88c7b4e-6c43-432c-a97e-b4bcdcf4ca25,153823d0-b74a-4896-8651-af4ea54420c9,335230
53cbe9ae-d2f0-480b-baee-9c699c7e53ad,153823d0-b74a-4896-8651-af4ea54420c9,383799
34ff45be-e9e4-475e-b6a2-0d48aaa93963,8a827925-5e26-4805-afca-6bdc213ac807,10850
02b67ba4-9745-4cf1-99fc-f265fa66208a,d88c7b4e-6c43-432c-a97e-b4bcdcf4ca25,258910
91c7e56f-949b-41db-988e-9e519da20031,53cbe9ae-d2f0-480b-baee-9c699c7e53ad,323728
1f2c53ee-3284-4bd2-95ea-e3c0e52f82bc,a797c9be-ccc5-4b33-9207-003f2c2d620a,91072
1780b29d-3475-495a-9da5-abc8f7ea19c0,153823d0-b74a-4896-8651-af4ea54420c9,128794
e8cd42b9-3a3e-4196-ad2e-5d352fd746ce,8a827925-5e26-4805-afca-6bdc213ac807,668762
0d3e50df-a1b4-4442-853f-2168810c4c4c,43c215f7-36dc-43a5-bece-4afbb991d22f,732735
520cb69c-9e4a-4100-84a1-f7d5445a024d,6c52ca04-4be0-4da0-b114-b1c032949105,244940
1f2c53ee-3284-4bd2-95ea-e3c0e52f82bc,41a4500f-b924-4cb1-9a10-65142404b0ef,575698
520cb69c-9e4a-4100-84a1-f7d5445a024d,520cb69c-9e4a-4100-84a1-f7d5445a024d,445466
1780b29d-3475-495a-9da5-abc8f7ea19c0,91c7e56f-949b-41db-988e-9e519da20031,790318
0a63b0eb-3be3-44d3-a8ab-4ad0bfb52de4,1f2c53ee-3284-4bd2-95ea-e3c0e52f82bc,380136
a797c9be-ccc5-4b33-9207-003f2c2d620a,53cbe9ae-d2f0-480b-baee-9c699c7e53ad,540613
34ff45be-e9e4-475e-b6a2-0d48aaa93963,0d3e50df-a1b4-4442-853f-2168810c4c4c,224506
43c215f7-36dc-43a5-bece-4afbb991d22f,91c7e56f-949b-41db-988e-9e519da20031,790453
1f2c53ee-3284-4bd2-95ea-e3c0e52f82bc,b1861ea7-211f-4f7a-b47a-3d2400915ed5,638026
53cbe9ae-d2f0-480b-baee-9c699c7e53ad,8a827925-5e26-4805-afca-6bdc213ac807,334708
8a827925-5e26-4805-afca-6bdc213ac807,b1861ea7-211f-4f7a-b47a-3d2400915ed5,804910
43c215f7-36dc-43a5-bece-4afbb991d22f,153823d0-b74a-4896-8651-af4ea54420c9,462514
a797c9be-ccc5-4b33-9207-003f2c2d620a,b1861ea7-211f-4f7a-b47a-3d2400915ed5,71864
0a63b0eb-3be3-44d3-a8ab-4ad0bfb52de4,02b67ba4-9745-4cf1-99fc-f265fa66208a,956107
0a63b0eb-3be3-44d3-a8ab-4ad0bfb52de4,b1861ea7-211f-4f7a-b47a-3d2400915ed5,139257
153823d0-b74a-4896-8651-af4ea54420c9,6c52ca04-4be0-4da0-b114-b1c032949105,374897
a797c9be-ccc5-4b33-9207-003f2c2d620a,02b67ba4-9745-4cf1-99fc-f265fa66208a,383759
ab97df4d-8653-4d45-86c1-a80432394e3a,0a63b0eb-3be3-44d3-a8ab-4ad0bfb52de4,366293
0a63b0eb-3be3-44d3-a8ab-4ad0bfb52de4,153823d0-b74a-4896-8651-af4ea54420c9,753857
b1861ea7-211f-4f7a-b47a-3d2400915ed5,ab97df4d-8653-4d45-86c1-a80432394e3a,912513
43c215f7-36dc-43a5-bece-4afbb991d22f,00648f31-1ba8-4e29-a7fb-98ba7291e0f4,640808
0a63b0eb-3be3-44d3-a8ab-4ad0bfb52de4,8a827925-5e26-4805-afca-6bdc213ac807,239654
1f2c53ee-3284-4bd2-95ea-e3c0e52f82bc,520cb69c-9e4a-4100-84a1-f7d5445a024d,314890
8a827925-5e26-4805-afca-6bdc213ac807,0d3e50df-a1b4-4442-853f-2168810c4c4c,538332
e8cd42b9-3a3e-4196-ad2e-5d352fd746ce,0a63b0eb-3be3-44d3-a8ab-4ad0bfb52de4,601438
8a827925-5e26-4805-afca-6bdc213ac807,1f2c53ee-3284-4bd2-95ea-e3c0e52f82bc,231884
02b67ba4-9745-4cf1-99fc-f265fa66208a,1f2c53ee-3284-4bd2-95ea-e3c0e52f82bc,708169
34ff45be-e9e4-475e-b6a2-0d48aaa93963,02b67ba4-9745-4cf1-99fc-f265fa66208a,145978
91c7e56f-949b-41db-988e-9e519da20031,153823d0-b74a-4896-8651-af4ea54420c9,655283
ab97df4d-8653-4d45-86c1-a80432394e3a,b1861ea7-211f-4f7a-b47a-3d2400915ed5,129786
d88c7b4e-6c43-432c-a97e-b4bcdcf4ca25,1780b29d-3475-495a-9da5-abc8f7ea19c0,430233
00648f31-1ba8-4e29-a7fb-98ba7291e0f4,43c215f7-36dc-43a5-bece-4afbb991d22f,874619
ab97df4d-8653-4d45-86c1-a80432394e3a,00648f31-1ba8-4e29-a7fb-98ba7291e0f4,34328
d88c7b4e-6c43-432c-a97e-b4bcdcf4ca25,91c7e56f-949b-41db-988e-9e519da20031,39418
ab97df4d-8653-4d45-86c1-a80432394e3a,0a63b0eb-3be3-44d3-a8ab-4ad0bfb52de4,736018
ab97df4d-8653-4d45-86c1-a80432394e3a,0a63b0eb-3be3-44d3-a8ab-4ad0bfb52de4,134072
00648f31-1ba8-4e29-a7fb-98ba7291e0f4,8a827925-5e26-4805-afca-6bdc213ac807,284947
41a4500f-b924-4cb1-9a10-65142404b0ef,0d3e50df-a1b4-4442-853f-2168810c4c4c,228693
34ff45be-e9e4-475e-b6a2-0d48aaa93963,153823d0-b74a-4896-8651-af4ea54420c9,112511
d88c7b4e-6c43-432c-a97e-b4bcdcf4ca25,34ff45be-e9e4-475e-b6a2-0d48aaa93963,195693
00648f31-1ba8-4e29-a7fb-98ba7291e0f4,02b67ba4-9745-4cf1-99fc-f265fa66208a,411076
02b67ba4-9745-4cf1-99fc-f265fa66208a,0a63b0eb-3be3-44d3-a8ab-4ad0bfb52de4,137610
d88c7b4e-6c43-432c-a97e-b4bcdcf4ca25,d88c7b4e-6c43-432c-a97e-b4bcdcf4ca25,281141
1f2c53ee-3284-4bd2-95ea-e3c0e52f82bc,43c215f7-36dc-43a5-bece-4afbb991d22f,818829
41a4500f-b924-4cb1-9a10-65142404b0ef,520cb69c-9e4a-4100-84a1-f7d5445a024d,569353
1780b29d-3475-495a-9da5-abc8f7ea19c0,91c7e56f-949b-41db-988e-9e519da20031,348271
41a4500f-b924-4cb1-9a10-65142404b0ef,53cbe9ae-d2f0-480b-baee-9c699c7e53ad,92040
e8cd42b9-3a3e-4196-ad2e-5d352fd746ce,ab97df4d-8653-4d45-86c1-a80432394e3a,364778
b1861ea7-211f-4f7a-b47a-3d2400915ed5,02b67ba4-9745-4cf1-99fc-f265fa66208a,532808
d88c7b4e-6c43-432c-a97e-b4bcdcf4ca25,520cb69c-9e4a-4100-84a1-f7d5445a024d,816368
1780b29d-3475-495a-9da5-abc8f7ea19c0,41a4500f-b924-4cb1-9a10-65142404b0ef,649314
34ff45be-e9e4-475e-b6a2-0d48aaa93963,e8cd42b9-3a3e-4196-ad2e-5d352fd746ce,287048
a797c9be-ccc5-4b33-9207-003f2c2d620a,a797c9be-ccc5-4b33-9207-003f2c2d620a,260179
0d3e50df-a1b4-4442-853f-2168810c4c4c,1f2c53ee-3284-4bd2-95ea-e3c0e52f82bc,987754
d88c7b4e-6c43-432c-a97e-b4bcdcf4ca25,0d3e50df-a1b4-4442-853f-2168810c4c4c,524469
520cb69c-9e4a-4100-84a1-f7d5445a024d,53cbe9ae-d2f0-480b-baee-9c699c7e53ad,975557
1780b29d-3475-495a-9da5-abc8f7ea19c0,153823d0-b74a-4896-8651-af4ea54420c9,653742
1f2c53ee-3284-4bd2-95ea-e3c0e52f82bc,8a827925-5e26-4805-afca-6bdc213ac807,671596
43c215f7-36dc-43a5-bece-4afbb991d22f,0a63b0eb-3be3-44d3-a8ab-4ad0bfb52de4,392663
8a827925-5e26-4805-afca-6bdc213ac807,b1861ea7-211f-4f7a-b47a-3d2400915ed5,344046
34ff45be-e9e4-475e-b6a2-0d48aaa93963,ab97df4d-8653-4d45-86c1-a80432394e3a,333172
1780b29d-3475-495a-9da5-abc8f7ea19c0,1780b29d-3475-495a-9da5-abc8f7ea19c0,152082
ab97df4d-8653-4d45-86c1-a80432394e3a,d88c7b4e-6c43-432c-a97e-b4bcdcf4ca25,408436
1780b29d-3475-495a-9da5-abc8f7ea19c0,1780b29d-3475-495a-9da5-abc8f7ea19c0,703209
34ff45be-e9e4-475e-b6a2-0d48aaa93963,0a63b0eb-3be3-44d3-a8ab-4ad0bfb52de4,922656
ab97df4d-8653-4d45-86c1-a80432394e3a,0d3e50df-a1b4-4442-853f-2168810c4c4c,984711
e8cd42b9-3a3e-4196-ad2e-5d352fd746ce,91c7e56f-949b-41db-988e-9e519da20031,675559
153823d0-b74a-4896-8651-af4ea54420c9,a797c9be-ccc5-4b33-9207-003f2c2d620a,607299
520cb69c-9e4a-4100-84a1-f7d5445a024d,34ff45be-e9e4-475e-b6a2-0d48aaa93963,481456
0d3e50df-a1b4-4442-853f-2168810c4c4c,6c52ca04-4be0-4da0-b114-b1c032949105,697757
00648f31-1ba8-4e29-a7fb-98ba7291e0f4,41a4500f-b924-4cb1-9a10-65142404b0ef,260202
8a827925-5e26-4805-afca-6bdc213ac807,1780b29d-3475-495a-9da5-abc8f7ea19c0,683614
0d3e50df-a1b4-4442-853f-2168810c4c4c,6c52ca04-4be0-4da0-b114-b1c032949105,278572
0a63b0eb-3be3-44d3-a8ab-4ad0bfb52de4,a797c9be-ccc5-4b33-9207-003f2c2d620a,914451
b1861ea7-211f-4f7a-b47a-3d2400915ed5,91c7e56f-949b-41db-988e-9e519da20031,225780
41a4500f-b924-4cb1-9a10-65142404b0ef,41a4500f-b924-4cb1-9a10-65142404b0ef,492993
02b67ba4-9745-4cf1-99fc-f265fa66208a,02b67ba4-9745-4cf1-99fc-f265fa66208a,841806
34ff45be-e9e4-475e-b6a2-0d48aaa93963,1f2c53ee-3284-4bd2-95ea-e3c0e52f82bc,802091
1f2c53ee-3284-4bd2-95ea-e3c0e52f82bc,43c215f7-36dc-43a5-bece-4afbb991d22f,283370
a797c9be-ccc5-4b33-9207-003f2c2d620a,d88c7b4e-6c43-432c-a97e-b4bcdcf4ca25,686532
1f2c53ee-3284-4bd2-95ea-e3c0e52f82bc,00648f31-1ba8-4e29-a7fb-98ba7291e0f4,762754
e8cd42b9-3a3e-4196-ad2e-5d352fd746ce,153823d0-b74a-4896-8651-af4ea54420c9,612845
0a63b0eb-3be3-44d3-a8ab-4ad0bfb52de4,0d3e50df-a1b4-4442-853f-2168810c4c4c,429750
41a4500f-b924-4cb1-9a10-65142404b0ef,34ff45be-e9e4-475e-b6a2-0d48aaa93963,401118
91c7e56f-949b-41db-988e-9e519da20031,1f2c53ee-3284-4bd2-95ea-e3c0e52f82bc,783445
ab97df4d-8653-4d45-86c1-a80432394e3a,1780b29d-3475-495a-9da5-abc8f7ea19c0,424517
520cb69c-9e4a-4100-84a1-f7d5445a024d,34ff45be-e9e4-475e-b6a2-0d48aaa93963,929788
91c7e56f-949b-41db-988e-9e519da20031,1780b29d-3475-495a-9da5-abc8f7ea19c0,383252
8a827925-5e26-4805-afca-6bdc213ac807,41a4500f-b924-4cb1-9a10-65142404b0ef,961586
6c52ca04-4be0-4da0-b114-b1c032949105,00648f31-1ba8-4e29-a7fb-98ba7291e0f4,610173
d88c7b4e-6c43-432c-a97e-b4bcdcf4ca25,0d3e50df-a1b4-4442-853f-2168810c4c4c,591219
34ff45be-e9e4-475e-b6a2-0d48aaa93963,e8cd42b9-3a3e-4196-ad2e-5d352fd746ce,694729
6c52ca04-4be0-4da0-b114-b1c032949105,e8cd42b9-3a3e-4196-ad2e-5d352fd746ce,629519
e8cd42b9-3a3e-4196-ad2e-5d352fd746ce,1780b29d-3475-495a-9da5-abc8f7ea19c0,281376
91c7e56f-949b-41db-988e-9e519da20031,e8cd42b9-3a3e-4196-ad2e-5d352fd746ce,320856
00648f31-1ba8-4e29-a7fb-98ba7291e0f4,b1861ea7-211f-4f7a-b47a-3d2400915ed5,651941
153823d0-b74a-4896-8651-af4ea54420c9,6c52ca04-4be0-4da0-b114-b1c032949105,592624
34ff45be-e9e4-475e-b6a2-0d48aaa93963,153823d0-b74a-4896-8651-af4ea54420c9,30771
1f2c53ee-3284-4bd2-95ea-e3c0e52f82bc,0a63b0eb-3be3-44d3-a8ab-4ad0bfb52de4,373509
1780b29d-3475-495a-9da5-abc8f7ea19c0,ab97df4d-8653-4d45-86c1-a80432394e3a,718443
8a827925-5e26-4805-afca-6bdc213ac807,53cbe9ae-d2f0-480b-baee-9c699c7e53ad,997770
1f2c53ee-3284-4bd2-95ea-e3c0e52f82bc,02b67ba4-9745-4cf1-99fc-f265fa66208a,383897
6c52ca04-4be0-4da0-b114-b1c032949105,00648f31-1ba8-4e29-a7fb-98ba7291e0f4,982568
e8cd42b9-3a3e-4196-ad2e-5d352fd746ce,00648f31-1ba8-4e29-a7fb-98ba7291e0f4,253155
d88c7b4e-6c43-432c-a97e-b4bcdcf4ca25,00648f31-1ba8-4e29-a7fb-98ba7291e0f4,419344
a797c9be-ccc5-4b33-9207-003f2c2d620a,0d3e50df-a1b4-4442-853f-2168810c4c4c,612683
b1861ea7-211f-4f7a-b47a-3d2400915ed5,b1861ea7-211f-4f7a-b47a-3d2400915ed5,134040
00648f31-1ba8-4e29-a7fb-98ba7291e0f4,e8cd42b9-3a3e-4196-ad2e-5d352fd746ce,115049
1f2c53ee-3284-4bd2-95ea-e3c0e52f82bc,ab97df4d-8653-4d45-86c1-a80432394e3a,464275
34ff45be-e9e4-475e-b6a2-0d48aaa93963,d88c7b4e-6c43-432c-a97e-b4bcdcf4ca25,529465
02b67ba4-9745-4cf1-99fc-f265fa66208a,0a63b0eb-3be3-44d3-a8ab-4ad0bfb52de4,835594
43c215f7-36dc-43a5-bece-4afbb991d22f,520cb69c-9e4a-4100-84a1-f7d5445a024d,586521
43c215f7-36dc-43a5-bece-4afbb991d22f,02b67ba4-9745-4cf1-99fc-f265fa66208a,307466
ab97df4d-8653-4d45-86c1-a80432394e3a,02b67ba4-9745-4cf1-99fc-f265fa66208a,147145
34ff45be-e9e4-475e-b6a2-0d48aaa93963,e8cd42b9-3a3e-4196-ad2e-5d352fd746ce,808106
0d3e50df-a1b4-4442-853f-2168810c4c4c,91c7e56f-949b-41db-988e-9e519da20031,378591
41a4500f-b924-4cb1-9a10-65142404b0ef,43c215f7-36dc-43a5-bece-4afbb991d22f,105786
00648f31-1ba8-4e29-a7fb-98ba7291e0f4,53cbe9ae-d2f0-480b-baee-9c699c7e53ad,293681
0a63b0eb-3be3-44d3-a8ab-4ad0bfb52de4,91c7e56f-949b-41db-988e-9e519da20031,339084
41a4500f-b924-4cb1-9a10-65142404b0ef,e8cd42b9-3a3e-4196-ad2e-5d352fd746ce,908519
41a4500f-b924-4cb1-9a10-65142404b0ef,02b67ba4-9745-4cf1-99fc-f265fa66208a,425335
e8cd42b9-3a3e-4196-ad2e-5d352fd746ce,34ff45be-e9e4-475e-b6a2-0d48aaa93963,398588
41a4500f-b924-4cb1-9a10-65142404b0ef,0a63b0eb-3be3-44d3-a8ab-4ad0bfb52de4,438793
6c52ca04-4be0-4da0-b114-b1c032949105,02b67ba4-9745-4cf1-99fc-f265fa66208a,228709
1780b29d-3475-495a-9da5-abc8f7ea19c0,1780b29d-3475-495a-9da5-abc8f7ea19c0,19345
53cbe9ae-d2f0-480b-baee-9c699c7e53ad,ab97df4d-8653-4d45-86c1-a80432394e3a,150302
153823d0-b74a-4896-8651-af4ea54420c9,00648f31-1ba8-4e29-a7fb-98ba7291e0f4,377135
41a4500f-b924-4cb1-9a10-65142404b0ef,8a827925-5e26-4805-afca-6bdc213ac807,708746
41a4500f-b924-4cb1-9a10-65142404b0ef,1780b29d-3475-495a-9da5-abc8f7ea19c0,246547
00648f31-1ba8-4e29-a7fb-98ba7291e0f4,d88c7b4e-6c43-432c-a97e-b4bcdcf4ca25,772541
0d3e50df-a1b4-4442-853f-2168810c4c4c,153823d0-b74a-4896-8651-af4ea54420c9,626201
520cb69c-9e4a-4100-84a1-f7d5445a024d,0d3e50df-a1b4-4442-853f-2168810c4c4c,813133
d88c7b4e-6c43-432c-a97e-b4bcdcf4ca25,153823d0-b74a-4896-8651-af4ea54420c9,73325
6c52ca04-4be0-4da0-b114-b1c032949105,8a827925-5e26-4805-afca-6bdc213ac807,871045
53cbe9ae-d2f0-480b-baee-9c699c7e53ad,b1861ea7-211f-4f7a-b47a-3d2400915ed5,218214
41a4500f-b924-4cb1-9a10-65142404b0ef,34ff45be-e9e4-475e-b6a2-0d48aaa93963,968089
02b67ba4-9745-4cf1-99fc-f265fa66208a,53cbe9ae-d2f0-480b-baee-9c699c7e53ad,866170
d88c7b4e-6c43-432c-a97e-b4bcdcf4ca25,43c215f7-36dc-43a5-bece-4afbb991d22f,902191
a797c9be-ccc5-4b33-9207-003f2c2d620a,53cbe9ae-d2f0-480b-baee-9c699c7e53ad,171020
a797c9be-ccc5-4b33-9207-003f2c2d620a,41a4500f-b924-4cb1-9a10-65142404b0ef,173921
53cbe9ae-d2f0-480b-baee-9c699c7e53ad,d88c7b4e-6c43-432c-a97e-b4bcdcf4ca25,75300
41a4500f-b924-4cb1-9a10-65142404b0ef,34ff45be-e9e4-475e-b6a2-0d48aaa93963,287958
153823d0-b74a-4896-8651-af4ea54420c9,8a827925-5e26-4805-afca-6bdc213ac807,541396
b1861ea7-211f-4f7a-b47a-3d2400915ed5,d88c7b4e-6c43-432c-a97e-b4bcdcf4ca25,776005
520cb69c-9e4a-4100-84a1-f7d5445a024d,02b67ba4-9745-4cf1-99fc-f265fa66208a,283820
1f2c53ee-3284-4bd2-95ea-e3c0e52f82bc,02b67ba4-9745-4cf1-99fc-f265fa66208a,211774
41a4500f-b924-4cb1-9a10-65142404b0ef,41a4500f-b924-4cb1-9a10-65142404b0ef,853481
0d3e50df-a1b4-4442-853f-2168810c4c4c,02b67ba4-9745-4cf1-99fc-f265fa66208a,362727
34ff45be-e9e4-475e-b6a2-0d48aaa93963,153823d0-b74a-4896-8651-af4ea54420c9,674382
e8cd42b9-3a3e-4196-ad2e-5d352fd746ce,153823d0-b74a-4896-8651-af4ea54420c9,314220
34ff45be-e9e4-475e-b6a2-0d48aaa93963,a797c9be-ccc5-4b33-9207-003f2c2d620a,950546
41a4500f-b924-4cb1-9a10-65142404b0ef,0d3e50df-a1b4-4442-853f-2168810c4c4c,363543
0d3e50df-a1b4-4442-853f-2168810c4c4c,ab97df4d-8653-4d45-86c1-a80432394e3a,718537
8a827925-5e26-4805-afca-6bdc213ac807,41a4500f-b924-4cb1-9a10-65142404b0ef,883939
ab97df4d-8653-4d45-86c1-a80432394e3a,d88c7b4e-6c43-432c-a97e-b4bcdcf4ca25,361990
6c52ca04-4be0-4da0-b114-b1c032949105,43c215f7-36dc-43a5-bece-4afbb991d22f,186848
153823d0-b74a-4896-8651-af4ea54420c9,6c52ca04-4be0-4da0-b114-b1c032949105,616133
34ff45be-e9e4-475e-b6a2-0d48aaa93963,b1861ea7-211f-4f7a-b47a-3d2400915ed5,391625
1780b29d-3475-495a-9da5-abc8f7ea19c0,1f2c53ee-3284-4bd2-95ea-e3c0e52f82bc,394151
d88c7b4e-6c43-432c-a97e-b4bcdcf4ca25,a797c9be-ccc5-4b33-9207-003f2c2d620a,301365
e8cd42b9-3a3e-4196-ad2e-5d352fd746ce,43c215f7-36dc-43a5-bece-4afbb991d22f,106390
ab97df4d-8653-4d45-86c1-a80432394e3a,0a63b0eb-3be3-44d3-a8ab-4ad0bfb52de4,389854
8a827925-5e26-4805-afca-6bdc213ac807,34ff45be-e9e4-475e-b6a2-0d48aaa93963,581007
b1861ea7-211f-4f7a-b47a-3d2400915ed5,0d3e50df-a1b4-4442-853f-2168810c4c4c,848835
1780b29d-3475-495a-9da5-abc8f7ea19c0,02b67ba4-9745-4cf1-99fc-f265fa66208a,423078
91c7e56f-949b-41db-988e-9e519da20031,d88c7b4e-6c43-432c-a97e-b4bcdcf4ca25,314333
a797c9be-ccc5-4b33-9207-003f2c2d620a,153823d0-b74a-4896-8651-af4ea54420c9,309134
43c215f7-36dc-43a5-bece-4afbb991d22f,53cbe9ae-d2f0-480b-baee-9c699c7e53ad,13340
8a827925-5e26-4805-afca-6bdc213ac807,0a63b0eb-3be3-44d3-a8ab-4ad0bfb52de4,509495
0d3e50df-a1b4-4442-853f-2168810c4c4c,43c215f7-36dc-43a5-bece-4afbb991d22f,404986
34ff45be-e9e4-475e-b6a2-0d48aaa93963,e8cd42b9-3a3e-4196-ad2e-5d352fd746ce,552829
1780b29d-3475-495a-9da5-abc8f7ea19c0,91c7e56f-949b-41db-988e-9e519da20031,794181
8a827925-5e26-4805-afca-6bdc213ac807,00648f31-1ba8-4e29-a7fb-98ba7291e0f4,14606
8a827925-5e26-4805-afca-6bdc213ac807,520cb69c-9e4a-4100-84a1-f7d5445a024d,756670
ab97df4d-8653-4d45-86c1-a80432394e3a,8a827925-5e26-4805-afca-6bdc213ac807,473076
520cb69c-9e4a-4100-84a1-f7d5445a024d,02b67ba4-9745-4cf1-99fc-f265fa66208a,420517
53cbe9ae-d2f0-480b-baee-9c699c7e53ad,02b67ba4-9745-4cf1-99fc-f265fa66208a,456819
00648f31-1ba8-4e29-a7fb-98ba7291e0f4,e8cd42b9-3a3e-4196-ad2e-5d352fd746ce,777867
53cbe9ae-d2f0-480b-baee-9c699c7e53ad,00648f31-1ba8-4e29-a7fb-98ba7291e0f4,316000
43c215f7-36dc-43a5-bece-4afbb991d22f,b1861ea7-211f-4f7a-b47a-3d2400915ed5,217171
53cbe9ae-d2f0-480b-baee-9c699c7e53ad,43c215f7-36dc-43a5-bece-4afbb991d22f,440670
d88c7b4e-6c43-432c-a97e-b4bcdcf4ca25,02b67ba4-9745-4cf1-99fc-f265fa66208a,145136
e8cd42b9-3a3e-4196-ad2e-5d352fd746ce,34ff45be-e9e4-475e-b6a2-0d48aaa93963,635768
43c215f7-36dc-43a5-bece-4afbb991d22f,34ff45be-e9e4-475e-b6a2-0d48aaa93963,66691
43c215f7-36dc-43a5-bece-4afbb991d22f,a797c9be-ccc5-4b33-9207-003f2c2d620a,111796
0d3e50df-a1b4-4442-853f-2168810c4c4c,02b67ba4-9745-4cf1-99fc-f265fa66208a,236977
d88c7b4e-6c43-432c-a97e-b4bcdcf4ca25,520cb69c-9e4a-4100-84a1-f7d5445a024d,97686
43c215f7-36dc-43a5-bece-4afbb991d22f,e8cd42b9-3a3e-4196-ad2e-5d352fd746ce,247381
53cbe9ae-d2f0-480b-baee-9c699c7e53ad,8a827925-5e26-4805-afca-6bdc213ac807,118071
8a827925-5e26-4805-afca-6bdc213ac807,a797c9be-ccc5-4b33-9207-003f2c2d620a,534045
43c215f7-36dc-43a5-bece-4afbb991d22f,0a63b0eb-3be3-44d3-a8ab-4ad0bfb52de4,918442
0d3e50df-a1b4-4442-853f-2168810c4c4c,b1861ea7-211f-4f7a-b47a-3d2400915ed5,79233
1780b29d-3475-495a-9da5-abc8f7ea19c0,1f2c53ee-3284-4bd2-95ea-e3c0e52f82bc,750341
0a63b0eb-3be3-44d3-a8ab-4ad0bfb52de4,d88c7b4e-6c43-432c-a97e-b4bcdcf4ca25,478036
0d3e50df-a1b4-4442-853f-2168810c4c4c,53cbe9ae-d2f0-480b-baee-9c699c7e53ad,224530
34ff45be-e9e4-475e-b6a2-0d48aaa93963,0d3e50df-a1b4-4442-853f-2168810c4c4c,782955
d88c7b4e-6c43-432c-a97e-b4bcdcf4ca25,1780b29d-3475-495a-9da5-abc8f7ea19c0,53375
41a4500f-b924-4cb1-9a10-65142404b0ef,91c7e56f-949b-41db-988e-9e519da20031,798301
00648f31-1ba8-4e29-a7fb-98ba7291e0f4,43c215f7-36dc-43a5-bece-4afbb991d22f,741389
41a4500f-b924-4cb1-9a10-65142404b0ef,ab97df4d-8653-4d45-86c1-a80432394e3a,16199
ab97df4d-8653-4d45-86c1-a80432394e3a,520cb69c-9e4a-4100-84a1-f7d5445a024d,982419
a797c9be-ccc5-4b33-9207-003f2c2d620a,6c52ca04-4be0-4da0-b114-b1c032949105,423464
53cbe9ae-d2f0-480b-baee-9c699c7e53ad,e8cd42b9-3a3e-4196-ad2e-5d352fd746ce,927319
8a827925-5e26-4805-afca-6bdc213ac807,1f2c53ee-3284-4bd2-95ea-e3c0e52f82bc,174449
0a63b0eb-3be3-44d3-a8ab-4ad0bfb52de4,6c52ca04-4be0-4da0-b114-b1c032949105,15068
34ff45be-e9e4-475e-b6a2-0d48aaa93963,0a63b0eb-3be3-44d3-a8ab-4ad0bfb52de4,738542
1f2c53ee-3284-4bd2-95ea-e3c0e52f82bc,02b67ba4-9745-4cf1-99fc-f265fa66208a,538966
a797c9be-ccc5-4b33-9207-003f2c2d620a,41a4500f-b924-4cb1-9a10-65142404b0ef,180693
91c7e56f-949b-41db-988e-9e519da20031,00648f31-1ba8-4e29-a7fb-98ba7291e0f4,970349
8a827925-5e26-4805-afca-6bdc213ac807,00648f31-1ba8-4e29-a7fb-98ba7291e0f4,508777
e8cd42b9-3a3e-4196-ad2e-5d352fd746ce,1f2c53ee-3284-4bd2-95ea-e3c0e52f82bc,68346
a797c9be-ccc5-4b33-9207-003f2c2d620a,1f2c53ee-3284-4bd2-95ea-e3c0e52f82bc,100286
0a63b0eb-3be3-44d3-a8ab-4ad0bfb52de4,e8cd42b9-3a3e-4196-ad2e-5d352fd746ce,526068
34ff45be-e9e4-475e-b6a2-0d48aaa93963,1f2c53ee-3284-4bd2-95ea-e3c0e52f82bc,577722
00648f31-1ba8-4e29-a7fb-98ba7291e0f4,520cb69c-9e4a-4100-84a1-f7d5445a024d,927659
34ff45be-e9e4-475e-b6a2-0d48aaa93963,41a4500f-b924-4cb1-9a10-65142404b0ef,724741
b1861ea7-211f-4f7a-b47a-3d2400915ed5,153823d0-b74a-4896-8651-af4ea54420c9,954180
a797c9be-ccc5-4b33-9207-003f2c2d620a,53cbe9ae-d2f0-480b-baee-9c699c7e53ad,982111
0d3e50df-a1b4-4442-853f-2168810c4c4c,e8cd42b9-3a3e-4196-ad2e-5d352fd746ce,356708
1780b29d-3475-495a-9da5-abc8f7ea19c0,00648f31-1ba8-4e29-a7fb-98ba7291e0f4,511135
53cbe9ae-d2f0-480b-baee-9c699c7e53ad,0d3e50df-a1b4-4442-853f-2168810c4c4c,904948
1780b29d-3475-495a-9da5-abc8f7ea19c0,520cb69c-9e4a-4100-84a1-f7d5445a024d,140950
41a4500f-b924-4cb1-9a10-65142404b0ef,1780b29d-3475-495a-9da5-abc8f7ea19c0,941222
d88c7b4e-6c43-432c-a97e-b4bcdcf4ca25,53cbe9ae-d2f0-480b-baee-9c699c7e53ad,170252
d88c7b4e-6c43-432c-a97e-b4bcdcf4ca25,0d3e50df-a1b4-4442-853f-2168810c4c4c,93164
41a4500f-b924-4cb1-9a10-65142404b0ef,d88c7b4e-6c43-432c-a97e-b4bcdcf4ca25,390810
6c52ca04-4be0-4da0-b114-b1c032949105,b1861ea7-211f-4f7a-b47a-3d2400915ed5,985742
02b67ba4-9745-4cf1-99fc-f265fa66208a,1780b29d-3475-495a-9da5-abc8f7ea19c0,119968
53cbe9ae-d2f0-480b-baee-9c699c7e53ad,d88c7b4e-6c43-432c-a97e-b4bcdcf4ca25,665670
6c52ca04-4be0-4da0-b114-b1c032949105,a797c9be-ccc5-4b33-9207-003f2c2d620a,91264
6c52ca04-4be0-4da0-b114-b1c032949105,53cbe9ae-d2f0-480b-baee-9c699c7e53ad,137552
6c52ca04-4be0-4da0-b114-b1c032949105,02b67ba4-9745-4cf1-99fc-f265fa66208a,923319
02b67ba4-9745-4cf1-99fc-f265fa66208a,43c215f7-36dc-43a5-bece-4afbb991d22f,110297
91c7e56f-949b-41db-988e-9e519da20031,1f2c53ee-3284-4bd2-95ea-e3c0e52f82bc,451190
91c7e56f-949b-41db-988e-9e519da20031,1f2c53ee-3284-4bd2-95ea-e3c0e52f82bc,790596
d88c7b4e-6c43-432c-a97e-b4bcdcf4ca25,d88c7b4e-6c43-432c-a97e-b4bcdcf4ca25,265730
34ff45be-e9e4-475e-b6a2-0d48aaa93963,e8cd42b9-3a3e-4196-ad2e-5d352fd746ce,559962
41a4500f-b924-4cb1-9a10-65142404b0ef,1780b29d-3475-495a-9da5-abc8f7ea19c0,930912
0a63b0eb-3be3-44d3-a8ab-4ad0bfb52de4,6c52ca04-4be0-4da0-b114-b1c032949105,532582
6c52ca04-4be0-4da0-b114-b1c032949105,8a827925-5e26-4805-afca-6bdc213ac807,667761
1780b29d-3475-495a-9da5-abc8f7ea19c0,e8cd42b9-3a3e-4196-ad2e-5d352fd746ce,752676
34ff45be-e9e4-475e-b6a2-0d48aaa93963,b1861ea7-211f-4f7a-b47a-3d2400915ed5,882391
1f2c53ee-3284-4bd2-95ea-e3c0e52f82bc,1f2c53ee-3284-4bd2-95ea-e3c0e52f82bc,176868
6c52ca04-4be0-4da0-b114-b1c032949105,1780b29d-3475-495a-9da5-abc8f7ea19c0,745860
0d3e50df-a1b4-4442-853f-2168810c4c4c,6c52ca04-4be0-4da0-b114-b1c032949105,22879
153823d0-b74a-4896-8651-af4ea54420c9,41a4500f-b924-4cb1-9a10-65142404b0ef,958726
0a63b0eb-3be3-44d3-a8ab-4ad0bfb52de4,91c7e56f-949b-41db-988e-9e519da20031,840152
153823d0-b74a-4896-8651-af4ea54420c9,e8cd42b9-3a3e-4196-ad2e-5d352fd746ce,901882
53cbe9ae-d2f0-480b-baee-9c699c7e53ad,34ff45be-e9e4-475e-b6a2-0d48aaa93963,299268
b1861ea7-211f-4f7a-b47a-3d2400915ed5,d88c7b4e-6c43-432c-a97e-b4bcdcf4ca25,200683
91c7e56f-949b-41db-988e-9e519da20031,153823d0-b74a-4896-8651-af4ea54420c9,652381
520cb69c-9e4a-4100-84a1-f7d5445a024d,02b67ba4-9745-4cf1-99fc-f265fa66208a,117405
02b67ba4-9745-4cf1-99fc-f265fa66208a,1780b29d-3475-495a-9da5-abc8f7ea19c0,125639
34ff45be-e9e4-475e-b6a2-0d48aaa93963,1f2c53ee-3284-4bd2-95ea-e3c0e52f82bc,711920
34ff45be-e9e4-475e-b6a2-0d48aaa93963,6c52ca04-4be0-4da0-b114-b1c032949105,588037
00648f31-1ba8-4e29-a7fb-98ba7291e0f4,00648f31-1ba8-4e29-a7fb-98ba7291e0f4,621551
1f2c53ee-3284-4bd2-95ea-e3c0e52f82bc,34ff45be-e9e4-475e-b6a2-0d48aaa93963,72278
0a63b0eb-3be3-44d3-a8ab-4ad0bfb52de4,91c7e56f-949b-41db-988e-9e519da20031,157485
0d3e50df-a1b4-4442-853f-2168810c4c4c,00648f31-1ba8-4e29-a7fb-98ba7291e0f4,32369
153823d0-b74a-4896-8651-af4ea54420c9,02b67ba4-9745-4cf1-99fc-f265fa66208a,170110
a797c9be-ccc5-4b33-9207-003f2c2d620a,0d3e50df-a1b4-4442-853f-2168810c4c4c,775431
d88c7b4e-6c43-432c-a97e-b4bcdcf4ca25,1780b29d-3475-495a-9da5-abc8f7ea19c0,720068
8a827925-5e26-4805-afca-6bdc213ac807,8a827925-5e26-4805-afca-6bdc213ac807,210049
8a827925-5e26-4805-afca-6bdc213ac807,53cbe9ae-d2f0-480b-baee-9c699c7e53ad,240712
b1861ea7-211f-4f7a-b47a-3d2400915ed5,0a63b0eb-3be3-44d3-a8ab-4ad0bfb52de4,405142
00648f31-1ba8-4e29-a7fb-98ba7291e0f4,d88c7b4e-6c43-432c-a97e-b4bcdcf4ca25,665887
ab97df4d-8653-4d45-86c1-a80432394e3a,e8cd42b9-3a3e-4196-ad2e-5d352fd746ce,419507
0d3e50df-a1b4-4442-853f-2168810c4c4c,1780b29d-3475-495a-9da5-abc8f7ea19c0,660435
00648f31-1ba8-4e29-a7fb-98ba7291e0f4,34ff45be-e9e4-475e-b6a2-0d48aaa93963,392596
ab97df4d-8653-4d45-86c1-a80432394e3a,ab97df4d-8653-4d45-86c1-a80432394e3a,973457
43c215f7-36dc-43a5-bece-4afbb991d22f,43c215f7-36dc-43a5-bece-4afbb991d22f,965392
a797c9be-ccc5-4b33-9207-003f2c2d620a,43c215f7-36dc-43a5-bece-4afbb991d22f,48596
1f2c53ee-3284-4bd2-95ea-e3c0e52f82bc,0a63b0eb-3be3-44d3-a8ab-4ad0bfb52de4,952997
0d3e50df-a1b4-4442-853f-2168810c4c4c,53cbe9ae-d2f0-480b-baee-9c699c7e53ad,565838
8a827925-5e26-4805-afca-6bdc213ac807,41a4500f-b924-4cb1-9a10-65142404b0ef,311370
0a63b0eb-3be3-44d3-a8ab-4ad0bfb52de4,6c52ca04-4be0-4da0-b114-b1c032949105,453633
1f2c53ee-3284-4bd2-95ea-e3c0e52f82bc,34ff45be-e9e4-475e-b6a2-0d48aaa93963,253928
ab97df4d-8653-4d45-86c1-a80432394e3a,ab97df4d-8653-4d45-86c1-a80432394e3a,422736
34ff45be-e9e4-475e-b6a2-0d48aaa93963,0d3e50df-a1b4-4442-853f-2168810c4c4c,326953
520cb69c-9e4a-4100-84a1-f7d5445a024d,53cbe9ae-d2f0-480b-baee-9c699c7e53ad,529853
34ff45be-e9e4-475e-b6a2-0d48aaa93963,153823d0-b74a-4896-8651-af4ea54420c9,574273
1780b29d-3475-495a-9da5-abc8f7ea19c0,43c215f7-36dc-43a5-bece-4afbb991d22f,198353
02b67ba4-9745-4cf1-99fc-f265fa66208a,d88c7b4e-6c43-432c-a97e-b4bcdcf4ca25,741420
0d3e50df-a1b4-4442-853f-2168810c4c4c,91c7e56f-949b-41db-988e-9e519da20031,388904
43c215f7-36dc-43a5-bece-4afbb991d22f,a797c9be-ccc5-4b33-9207-003f2c2d620a,321788
00648f31-1ba8-4e29-a7fb-98ba7291e0f4,41a4500f-b924-4cb1-9a10-65142404b0ef,474343
0a63b0eb-3be3-44d3-a8ab-4ad0bfb52de4,00648f31-1ba8-4e29-a7fb-98ba7291e0f4,917365
ab97df4d-8653-4d45-86c1-a80432394e3a,6c52ca04-4be0-4da0-b114-b1c032949105,896905
1f2c53ee-3284-4bd2-95ea-e3c0e52f82bc,34ff45be-e9e4-475e-b6a2-0d48aaa93963,461264
53cbe9ae-d2f0-480b-baee-9c699c7e53ad,1f2c53ee-3284-4bd2-95ea-e3c0e52f82bc,494216
153823d0-b74a-4896-8651-af4ea54420c9,1780b29d-3475-495a-9da5-abc8f7ea19c0,780324
e8cd42b9-3a3e-4196-ad2e-5d352fd746ce,34ff45be-e9e4-475e-b6a2-0d48aaa93963,434401
d88c7b4e-6c43-432c-a97e-b4bcdcf4ca25,6c52ca04-4be0-4da0-b114-b1c032949105,673612
8a827925-5e26-4805-afca-6bdc213ac807,ab97df4d-8653-4d45-86c1-a80432394e3a,375587
53cbe9ae-d2f0-480b-baee-9c699c7e53ad,8a827925-5e26-4805-afca-6bdc213ac807,482638
41a4500f-b924-4cb1-9a10-65142404b0ef,d88c7b4e-6c43-432c-a97e-b4bcdcf4ca25,280469
0a63b0eb-3be3-44d3-a8ab-4ad0bfb52de4,41a4500f-b924-4cb1-9a10-65142404b0ef,477463
00648f31-1ba8-4e29-a7fb-98ba7291e0f4,520cb69c-9e4a-4100-84a1-f7d5445a024d,303072
43c215f7-36dc-43a5-bece-4afbb991d22f,02b67ba4-9745-4cf1-99fc-f265fa66208a,741774
8a827925-5e26-4805-afca-6bdc213ac807,6c52ca04-4be0-4da0-b114-b1c032949105,204991
520cb69c-9e4a-4100-84a1-f7d5445a024d,a797c9be-ccc5-4b33-9207-003f2c2d620a,723927
1780b29d-3475-495a-9da5-abc8f7ea19c0,6c52ca04-4be0-4da0-b114-b1c032949105,613436
8a827925-5e26-4805-afca-6bdc213ac807,34ff45be-e9e4-475e-b6a2-0d48aaa93963,941376
34ff45be-e9e4-475e-b6a2-0d48aaa93963,8a827925-5e26-4805-afca-6bdc213ac807,934619
b1861ea7-211f-4f7a-b47a-3d2400915ed5,ab97df4d-8653-4d45-86c1-a80432394e3a,405563
520cb69c-9e4a-4100-84a1-f7d5445a024d,153823d0-b74a-4896-8651-af4ea54420c9,78796
02b67ba4-9745-4cf1-99fc-f265fa66208a,ab97df4d-8653-4d45-86c1-a80432394e3a,111510
00648f31-1ba8-4e29-a7fb-98ba7291e0f4,e8cd42b9-3a3e-4196-ad2e-5d352fd746ce,145937
ab97df4d-8653-4d45-86c1-a80432394e3a,91c7e56f-949b-41db-988e-9e519da20031,873053
1780b29d-3475-495a-9da5-abc8f7ea19c0,a797c9be-ccc5-4b33-9207-003f2c2d620a,741012
0a63b0eb-3be3-44d3-a8ab-4ad0bfb52de4,0d3e50df-a1b4-4442-853f-2168810c4c4c,506700
02b67ba4-9745-4cf1-99fc-f265fa66208a,1f2c53ee-3284-4bd2-95ea-e3c0e52f82bc,553899
91c7e56f-949b-41db-988e-9e519da20031,b1861ea7-211f-4f7a-b47a-3d2400915ed5,8263
0d3e50df-a1b4-4442-853f-2168810c4c4c,91c7e56f-949b-41db-988e-9e519da20031,313036
153823d0-b74a-4896-8651-af4ea54420c9,0d3e50df-a1b4-4442-853f-2168810c4c4c,196990
53cbe9ae-d2f0-480b-baee-9c699c7e53ad,0d3e50df-a1b4-4442-853f-2168810c4c4c,574685
1f2c53ee-3284-4bd2-95ea-e3c0e52f82bc,1780b29d-3475-495a-9da5-abc8f7ea19c0,591135
41a4500f-b924-4cb1-9a10-65142404b0ef,520cb69c-9e4a-4100-84a1-f7d5445a024d,905079
43c215f7-36dc-43a5-bece-4afbb991d22f,00648f31-1ba8-4e29-a7fb-98ba7291e0f4,242913
e8cd42b9-3a3e-4196-ad2e-5d352fd746ce,b1861ea7-211f-4f7a-b47a-3d2400915ed5,623540
0d3e50df-a1b4-4442-853f-2168810c4c4c,b1861ea7-211f-4f7a-b47a-3d2400915ed5,36262
6c52ca04-4be0-4da0-b114-b1c032949105,6c52ca04-4be0-4da0-b114-b1c032949105,454952
e8cd42b9-3a3e-4196-ad2e-5d352fd746ce,91c7e56f-949b-41db-988e-9e519da20031,743574
0d3e50df-a1b4-4442-853f-2168810c4c4c,e8cd42b9-3a3e-4196-ad2e-5d352fd746ce,86757
02b67ba4-9745-4cf1-99fc-f265fa66208a,6c52ca04-4be0-4da0-b114-b1c032949105,750499
a797c9be-ccc5-4b33-9207-003f2c2d620a,53cbe9ae-d2f0-480b-baee-9c699c7e53ad,900251
d88c7b4e-6c43-432c-a97e-b4bcdcf4ca25,53cbe9ae-d2f0-480b-baee-9c699c7e53ad,5473
ab97df4d-8653-4d45-86c1-a80432394e3a,520cb69c-9e4a-4100-84a1-f7d5445a024d,319547
e8cd42b9-3a3e-4196-ad2e-5d352fd746ce,02b67ba4-9745-4cf1-99fc-f265fa66208a,976549
153823d0-b74a-4896-8651-af4ea54420c9,0a63b0eb-3be3-44d3-a8ab-4ad0bfb52de4,913780
41a4500f-b924-4cb1-9a10-65142404b0ef,520cb69c-9e4a-4100-84a1-f7d5445a024d,303873
ab97df4d-8653-4d45-86c1-a80432394e3a,a797c9be-ccc5-4b33-9207-003f2c2d620a,888548
d88c7b4e-6c43-432c-a97e-b4bcdcf4ca25,0d3e50df-a1b4-4442-853f-2168810c4c4c,10798
41a4500f-b924-4cb1-9a10-65142404b0ef,ab97df4d-8653-4d45-86c1-a80432394e3a,566559
153823d0-b74a-4896-8651-af4ea54420c9,53cbe9ae-d2f0-480b-baee-9c699c7e53ad,913315
34ff45be-e9e4-475e-b6a2-0d48aaa93963,0d3e50df-a1b4-4442-853f-2168810c4c4c,649185
53cbe9ae-d2f0-480b-baee-9c699c7e53ad,41a4500f-b924-4cb1-9a10-65142404b0ef,124852
d88c7b4e-6c43-432c-a97e-b4bcdcf4ca25,91c7e56f-949b-41db-988e-9e519da20031,29324
00648f31-1ba8-4e29-a7fb-98ba7291e0f4,153823d0-b74a-4896-8651-af4ea54420c9,761079
43c215f7-36dc-43a5-bece-4afbb991d22f,b1861ea7-211f-4f7a-b47a-3d2400915ed5,356176
02b67ba4-9745-4cf1-99fc-f265fa66208a,41a4500f-b924-4cb1-9a10-65142404b0ef,587849
1f2c53ee-3284-4bd2-95ea-e3c0e52f82bc,ab97df4d-8653-4d45-86c1-a80432394e3a,528590
91c7e56f-949b-41db-988e-9e519da20031,00648f31-1ba8-4e29-a7fb-98ba7291e0f4,76203
e8cd42b9-3a3e-4196-ad2e-5d352fd746ce,0a63b0eb-3be3-44d3-a8ab-4ad0bfb52de4,5408
34ff45be-e9e4-475e-b6a2-0d48aaa93963,d88c7b4e-6c43-432c-a97e-b4bcdcf4ca25,521698
153823d0-b74a-4896-8651-af4ea54420c9,34ff45be-e9e4-475e-b6a2-0d48aaa93963,23448
41a4500f-b924-4cb1-9a10-65142404b0ef,02b67ba4-9745-4cf1-99fc-f265fa66208a,208574
a797c9be-ccc5-4b33-9207-003f2c2d620a,ab97df4d-8653-4d45-86c1-a80432394e3a,736601
00648f31-1ba8-4e29-a7fb-98ba7291e0f4,520cb69c-9e4a-4100-84a1-f7d5445a024d,803389
00648f31-1ba8-4e29-a7fb-98ba7291e0f4,1780b29d-3475-495a-9da5-abc8f7ea19c0,109532
02b67ba4-9745-4cf1-99fc-f265fa66208a,6c52ca04-4be0-4da0-b114-b1c032949105,983092
a797c9be-ccc5-4b33-9207-003f2c2d620a,1780b29d-3475-495a-9da5-abc8f7ea19c0,395597
520cb69c-9e4a-4100-84a1-f7d5445a024d,1f2c53ee-3284-4bd2-95ea-e3c0e52f82bc,608164
520cb69c-9e4a-4100-84a1-f7d5445a024d,ab97df4d-8653-4d45-86c1-a80432394e3a,561992
1780b29d-3475-495a-9da5-abc8f7ea19c0,53cbe9ae-d2f0-480b-baee-9c699c7e53ad,270000
53cbe9ae-d2f0-480b-baee-9c699c7e53ad,e8cd42b9-3a3e-4196-ad2e-5d352fd746ce,262311
0d3e50df-a1b4-4442-853f-2168810c4c4c,e8cd42b9-3a3e-4196-ad2e-5d352fd746ce,211159
d88c7b4e-6c43-432c-a97e-b4bcdcf4ca25,43c215f7-36dc-43a5-bece-4afbb991d22f,697510
0a63b0eb-3be3-44d3-a8ab-4ad0bfb52de4,d88c7b4e-6c43-432c-a97e-b4bcdcf4ca25,158440
0d3e50df-a1b4-4442-853f-2168810c4c4c,1780b29d-3475-495a-9da5-abc8f7ea19c0,699862
8a827925-5e26-4805-afca-6bdc213ac807,00648f31-1ba8-4e29-a7fb-98ba7291e0f4,29967
e8cd42b9-3a3e-4196-ad2e-5d352fd746ce,02b67ba4-9745-4cf1-99fc-f265fa66208a,986583
34ff45be-e9e4-475e-b6a2-0d48aaa93963,43c215f7-36dc-43a5-bece-4afbb991d22f,209273
153823d0-b74a-4896-8651-af4ea54420c9,1f2c53ee-3284-4bd2-95ea-e3c0e52f82bc,357150
0d3e50df-a1b4-4442-853f-2168810c4c4c,6c52ca04-4be0-4da0-b114-b1c032949105,948517
1780b29d-3475-495a-9da5-abc8f7ea19c0,8a827925-5e26-4805-afca-6bdc213ac807,495157
ab97df4d-8653-4d45-86c1-a80432394e3a,53cbe9ae-d2f0-480b-baee-9c699c7e53ad,833699
1f2c53ee-3284-4bd2-95ea-e3c0e52f82bc,1f2c53ee-3284-4bd2-95ea-e3c0e52f82bc,451779
8a827925-5e26-4805-afca-6bdc213ac807,d88c7b4e-6c43-432c-a97e-b4bcdcf4ca25,508186
520cb69c-9e4a-4100-84a1-f7d5445a024d,0a63b0eb-3be3-44d3-a8ab-4ad0bfb52de4,154635
520cb69c-9e4a-4100-84a1-f7d5445a024d,e8cd42b9-3a3e-4196-ad2e-5d352fd746ce,388055
153823d0-b74a-4896-8651-af4ea54420c9,1780b29d-3475-495a-9da5-abc8f7ea19c0,799771
6c52ca04-4be0-4da0-b114-b1c032949105,ab97df4d-8653-4d45-86c1-a80432394e3a,272312
8a827925-5e26-4805-afca-6bdc213ac807,d88c7b4e-6c43-432c-a97e-b4bcdcf4ca25,133242
b1861ea7-211f-4f7a-b47a-3d2400915ed5,153823d0-b74a-4896-8651-af4ea54420c9,588212
53cbe9ae-d2f0-480b-baee-9c699c7e53ad,8a827925-5e26-4805-afca-6bdc213ac807,373879
1780b29d-3475-495a-9da5-abc8f7ea19c0,00648f31-1ba8-4e29-a7fb-98ba7291e0f4,407774
b1861ea7-211f-4f7a-b47a-3d2400915ed5,0a63b0eb-3be3-44d3-a8ab-4ad0bfb52de4,329010
6c52ca04-4be0-4da0-b114-b1c032949105,00648f31-1ba8-4e29-a7fb-98ba7291e0f4,317785
6c52ca04-4be0-4da0-b114-b1c032949105,0d3e50df-a1b4-4442-853f-2168810c4c4c,168310
8a827925-5e26-4805-afca-6bdc213ac807,a797c9be-ccc5-4b33-9207-003f2c2d620a,224929
8a827925-5e26-4805-afca-6bdc213ac807,520cb69c-9e4a-4100-84a1-f7d5445a024d,447121
0d3e50df-a1b4-4442-853f-2168810c4c4c,0d3e50df-a1b4-4442-853f-2168810c4c4c,99612
53cbe9ae-d2f0-480b-baee-9c699c7e53ad,ab97df4d-8653-4d45-86c1-a80432394e3a,696175
02b67ba4-9745-4cf1-99fc-f265fa66208a,1780b29d-3475-495a-9da5-abc8f7ea19c0,152982
02b67ba4-9745-4cf1-99fc-f265fa66208a,8a827925-5e26-4805-afca-6bdc213ac807,641636
0d3e50df-a1b4-4442-853f-2168810c4c4c,91c7e56f-949b-41db-988e-9e519da20031,330273
b1861ea7-211f-4f7a-b47a-3d2400915ed5,153823d0-b74a-4896-8651-af4ea54420c9,410113
00648f31-1ba8-4e29-a7fb-98ba7291e0f4,91c7e56f-949b-41db-988e-9e519da20031,22453
43c215f7-36dc-43a5-bece-4afbb991d22f,d88c7b4e-6c43-432c-a97e-b4bcdcf4ca25,566721
1780b29d-3475-495a-9da5-abc8f7ea19c0,1f2c53ee-3284-4bd2-95ea-e3c0e52f82bc,677005
6c52ca04-4be0-4da0-b114-b1c032949105,00648f31-1ba8-4e29-a7fb-98ba7291e0f4,389505
e8cd42b9-3a3e-4196-ad2e-5d352fd746ce,153823d0-b74a-4896-8651-af4ea54420c9,178783
d88c7b4e-6c43-432c-a97e-b4bcdcf4ca25,b1861ea7-211f-4f7a-b47a-3d2400915ed5,519110
00648f31-1ba8-4e29-a7fb-98ba7291e0f4,00648f31-1ba8-4e29-a7fb-98ba7291e0f4,670754
00648f31-1ba8-4e29-a7fb-98ba7291e0f4,153823d0-b74a-4896-8651-af4ea54420c9,220359
0a63b0eb-3be3-44d3-a8ab-4ad0bfb52de4,d88c7b4e-6c43-432c-a97e-b4bcdcf4ca25,648521
43c215f7-36dc-43a5-bece-4afbb991d22f,53cbe9ae-d2f0-480b-baee-9c699c7e53ad,329145
a797c9be-ccc5-4b33-9207-003f2c2d620a,0d3e50df-a1b4-4442-853f-2168810c4c4c,703725
6c52ca04-4be0-4da0-b114-b1c032949105,41a4500f-b924-4cb1-9a10-65142404b0ef,885981
8a827925-5e26-4805-afca-6bdc213ac807,02b67ba4-9745-4cf1-99fc-f265fa66208a,922234
53cbe9ae-d2f0-480b-baee-9c699c7e53ad,43c215f7-36dc-43a5-bece-4afbb991d22f,516164
43c215f7-36dc-43a5-bece-4afbb991d22f,43c215f7-36dc-43a5-bece-4afbb991d22f,868771
00648f31-1ba8-4e29-a7fb-98ba7291e0f4,43c215f7-36dc-43a5-bece-4afbb991d22f,975053
b1861ea7-211f-4f7a-b47a-3d2400915ed5,153823d0-b74a-4896-8651-af4ea54420c9,505527
00648f31-1ba8-4e29-a7fb-98ba7291e0f4,00648f31-1ba8-4e29-a7fb-98ba7291e0f4,268243
02b67ba4-9745-4cf1-99fc-f265fa66208a,153823d0-b74a-4896-8651-af4ea54420c9,270098
41a4500f-b924-4cb1-9a10-65142404b0ef,8a827925-5e26-4805-afca-6bdc213ac807,274766
1780b29d-3475-495a-9da5-abc8f7ea19c0,0d3e50df-a1b4-4442-853f-2168810c4c4c,475078
e8cd42b9-3a3e-4196-ad2e-5d352fd746ce,1f2c53ee-3284-4bd2-95ea-e3c0e52f82bc,430357
e8cd42b9-3a3e-4196-ad2e-5d352fd746ce,e8cd42b9-3a3e-4196-ad2e-5d352fd746ce,93562
43c215f7-36dc-43a5-bece-4afbb991d22f,0d3e50df-a1b4-4442-853f-2168810c4c4c,88658
d88c7b4e-6c43-432c-a97e-b4bcdcf4ca25,02b67ba4-9745-4cf1-99fc-f265fa66208a,875927
91c7e56f-949b-41db-988e-9e519da20031,41a4500f-b924-4cb1-9a10-65142404b0ef,14164
b1861ea7-211f-4f7a-b47a-3d2400915ed5,0a63b0eb-3be3-44d3-a8ab-4ad0bfb52de4,481476
b1861ea7-211f-4f7a-b47a-3d2400915ed5,ab97df4d-8653-4d45-86c1-a80432394e3a,6839
91c7e56f-949b-41db-988e-9e519da20031,520cb69c-9e4a-4100-84a1-f7d5445a024d,193543
8a827925-5e26-4805-afca-6bdc213ac807,0d3e50df-a1b4-4442-853f-2168810c4c4c,139449
0d3e50df-a1b4-4442-853f-2168810c4c4c,e8cd42b9-3a3e-4196-ad2e-5d352fd746ce,258130
8a827925-5e26-4805-afca-6bdc213ac807,520cb69c-9e4a-4100-84a1-f7d5445a024d,288529
00648f31-1ba8-4e29-a7fb-98ba7291e0f4,53cbe9ae-d2f0-480b-baee-9c699c7e53ad,833415
520cb69c-9e4a-4100-84a1-f7d5445a024d,02b67ba4-9745-4cf1-99fc-f265fa66208a,410920
e8cd42b9-3a3e-4196-ad2e-5d352fd746ce,1f2c53ee-3284-4bd2-95ea-e3c0e52f82bc,184574
34ff45be-e9e4-475e-b6a2-0d48aaa93963,153823d0-b74a-4896-8651-af4ea54420c9,936217
ab97df4d-8653-4d45-86c1-a80432394e3a,1780b29d-3475-495a-9da5-abc8f7ea19c0,844707
43c215f7-36dc-43a5-bece-4afbb991d22f,1780b29d-3475-495a-9da5-abc8f7ea19c0,470205
d88c7b4e-6c43-432c-a97e-b4bcdcf4ca25,8a827925-5e26-4805-afca-6bdc213ac807,336871
53cbe9ae-d2f0-480b-baee-9c699c7e53ad,1f2c53ee-3284-4bd2-95ea-e3c0e52f82bc,146876
d88c7b4e-6c43-432c-a97e-b4bcdcf4ca25,e8cd42b9-3a3e-4196-ad2e-5d352fd746ce,866853
00648f31-1ba8-4e29-a7fb-98ba7291e0f4,d88c7b4e-6c43-432c-a97e-b4bcdcf4ca25,57129
a797c9be-ccc5-4b33-9207-003f2c2d620a,ab97df4d-8653-4d45-86c1-a80432394e3a,680429
8a827925-5e26-4805-afca-6bdc213ac807,e8cd42b9-3a3e-4196-ad2e-5d352fd746ce,116938
520cb69c-9e4a-4100-84a1-f7d5445a024d,6c52ca04-4be0-4da0-b114-b1c032949105,964256
ab97df4d-8653-4d45-86c1-a80432394e3a,b1861ea7-211f-4f7a-b47a-3d2400915ed5,499572
b1861ea7-211f-4f7a-b47a-3d2400915ed5,0a63b0eb-3be3-44d3-a8ab-4ad0bfb52de4,876102
02b67ba4-9745-4cf1-99fc-f265fa66208a,0d3e50df-a1b4-4442-853f-2168810c4c4c,862978
0a63b0eb-3be3-44d3-a8ab-4ad0bfb52de4,53cbe9ae-d2f0-480b-baee-9c699c7e53ad,696464
91c7e56f-949b-41db-988e-9e519da20031,153823d0-b74a-4896-8651-af4ea54420c9,392407
520cb69c-9e4a-4100-84a1-f7d5445a024d,1f2c53ee-3284-4bd2-95ea-e3c0e52f82bc,772464
53cbe9ae-d2f0-480b-baee-9c699c7e53ad,6c52ca04-4be0-4da0-b114-b1c032949105,900286
34ff45be-e9e4-475e-b6a2-0d48aaa93963,b1861ea7-211f-4f7a-b47a-3d2400915ed5,916647
0a63b0eb-3be3-44d3-a8ab-4ad0bfb52de4,02b67ba4-9745-4cf1-99fc-f265fa66208a,132157
1f2c53ee-3284-4bd2-95ea-e3c0e52f82bc,0d3e50df-a1b4-4442-853f-2168810c4c4c,579790
b1861ea7-211f-4f7a-b47a-3d2400915ed5,02b67ba4-9745-4cf1-99fc-f265fa66208a,638664
6c52ca04-4be0-4da0-b114-b1c032949105,e8cd42b9-3a3e-4196-ad2e-5d352fd746ce,681836
6c52ca04-4be0-4da0-b114-b1c032949105,a797c9be-ccc5-4b33-9207-003f2c2d620a,373151
e8cd42b9-3a3e-4196-ad2e-5d352fd746ce,6c52ca04-4be0-4da0-b114-b1c032949105,565271
a797c9be-ccc5-4b33-9207-003f2c2d620a,41a4500f-b924-4cb1-9a10-65142404b0ef,35713
d88c7b4e-6c43-432c-a97e-b4bcdcf4ca25,6c52ca04-4be0-4da0-b114-b1c032949105,312068
91c7e56f-949b-41db-988e-9e519da20031,02b67ba4-9745-4cf1-99fc-f265fa66208a,558850
d88c7b4e-6c43-432c-a97e-b4bcdcf4ca25,520cb69c-9e4a-4100-84a1-f7d5445a024d,314738
41a4500f-b924-4cb1-9a10-65142404b0ef,b1861ea7-211f-4f7a-b47a-3d2400915ed5,704882
6c52ca04-4be0-4da0-b114-b1c032949105,91c7e56f-949b-41db-988e-9e519da20031,94491
520cb69c-9e4a-4100-84a1-f7d5445a024d,a797c9be-ccc5-4b33-9207-003f2c2d620a,690135
1780b29d-3475-495a-9da5-abc8f7ea19c0,34ff45be-e9e4-475e-b6a2-0d48aaa93963,881958
b1861ea7-211f-4f7a-b47a-3d2400915ed5,0a63b0eb-3be3-44d3-a8ab-4ad0bfb52de4,496441
0d3e50df-a1b4-4442-853f-2168810c4c4c,a797c9be-ccc5-4b33-9207-003f2c2d620a,227557
1780b29d-3475-495a-9da5-abc8f7ea19c0,e8cd42b9-3a3e-4196-ad2e-5d352fd746ce,128886
d88c7b4e-6c43-432c-a97e-b4bcdcf4ca25,153823d0-b74a-4896-8651-af4ea54420c9,945077
41a4500f-b924-4cb1-9a10-65142404b0ef,1f2c53ee-3284-4bd2-95ea-e3c0e52f82bc,458266
00648f31-1ba8-4e29-a7fb-98ba7291e0f4,43c215f7-36dc-43a5-bece-4afbb991d22f,483141
0d3e50df-a1b4-4442-853f-2168810c4c4c,1780b29d-3475-495a-9da5-abc8f7ea19c0,376639
1f2c53ee-3284-4bd2-95ea-e3c0e52f82bc,b1861ea7-211f-4f7a-b47a-3d2400915ed5,869328
00648f31-1ba8-4e29-a7fb-98ba7291e0f4,ab97df4d-8653-4d45-86c1-a80432394e3a,98279
1f2c53ee-3284-4bd2-95ea-e3c0e52f82bc,91c7e56f-949b-41db-988e-9e519da20031,688983
43c215f7-36dc-43a5-bece-4afbb991d22f,6c52ca04-4be0-4da0-b114-b1c032949105,354581
b1861ea7-211f-4f7a-b47a-3d2400915ed5,8a827925-5e26-4805-afca-6bdc213ac807,848108
b1861ea7-211f-4f7a-b47a-3d2400915ed5,6c52ca04-4be0-4da0-b114-b1c032949105,558678
43c215f7-36dc-43a5-bece-4afbb991d22f,0d3e50df-a1b4-4442-853f-2168810c4c4c,536721
8a827925-5e26-4805-afca-6bdc213ac807,d88c7b4e-6c43-432c-a97e-b4bcdcf4ca25,833920
a797c9be-ccc5-4b33-9207-003f2c2d620a,b1861ea7-211f-4f7a-b47a-3d2400915ed5,491388
0d3e50df-a1b4-4442-853f-2168810c4c4c,8a827925-5e26-4805-afca-6bdc213ac807,962342
520cb69c-9e4a-4100-84a1-f7d5445a024d,d88c7b4e-6c43-432c-a97e-b4bcdcf4ca25,287501
6c52ca04-4be0-4da0-b114-b1c032949105,1780b29d-3475-495a-9da5-abc8f7ea19c0,546535
520cb69c-9e4a-4100-84a1-f7d5445a024d,a797c9be-ccc5-4b33-9207-003f2c2d620a,296768
a797c9be-ccc5-4b33-9207-003f2c2d620a,00648f31-1ba8-4e29-a7fb-98ba7291e0f4,734644
e8cd42b9-3a3e-4196-ad2e-5d352fd746ce,d88c7b4e-6c43-432c-a97e-b4bcdcf4ca25,906347
02b67ba4-9745-4cf1-99fc-f265fa66208a,34ff45be-e9e4-475e-b6a2-0d48aaa93963,655791
02b67ba4-9745-4cf1-99fc-f265fa66208a,34ff45be-e9e4-475e-b6a2-0d48aaa93963,737347
1780b29d-3475-495a-9da5-abc8f7ea19c0,34ff45be-e9e4-475e-b6a2-0d48aaa93963,936809
a797c9be-ccc5-4b33-9207-003f2c2d620a,0a63b0eb-3be3-44d3-a8ab-4ad0bfb52de4,430425
53cbe9ae-d2f0-480b-baee-9c699c7e53ad,1f2c53ee-3284-4bd2-95ea-e3c0e52f82bc,477436
43c215f7-36dc-43a5-bece-4afbb991d22f,6c52ca04-4be0-4da0-b114-b1c032949105,917035
53cbe9ae-d2f0-480b-baee-9c699c7e53ad,153823d0-b74a-4896-8651-af4ea54420c9,381440
1f2c53ee-3284-4bd2-95ea-e3c0e52f82bc,153823d0-b74a-4896-8651-af4ea54420c9,666493
d88c7b4e-6c43-432c-a97e-b4bcdcf4ca25,6c52ca04-4be0-4da0-b114-b1c032949105,845706
8a827925-5e26-4805-afca-6bdc213ac807,02b67ba4-9745-4cf1-99fc-f265fa66208a,808752
520cb69c-9e4a-4100-84a1-f7d5445a024d,02b67ba4-9745-4cf1-99fc-f265fa66208a,125823
8a827925-5e26-4805-afca-6bdc213ac807,e8cd42b9-3a3e-4196-ad2e-5d352fd746ce,734641
b1861ea7-211f-4f7a-b47a-3d2400915ed5,02b67ba4-9745-4cf1-99fc-f265fa66208a,298543
153823d0-b74a-4896-8651-af4ea54420c9,8a827925-5e26-4805-afca-6bdc213ac807,683575
91c7e56f-949b-41db-988e-9e519da20031,02b67ba4-9745-4cf1-99fc-f265fa66208a,773308
d88c7b4e-6c43-432c-a97e-b4bcdcf4ca25,b1861ea7-211f-4f7a-b47a-3d2400915ed5,612150
53cbe9ae-d2f0-480b-baee-9c699c7e53ad,0d3e50df-a1b4-4442-853f-2168810c4c4c,330872
53cbe9ae-d2f0-480b-baee-9c699c7e53ad,53cbe9ae-d2f0-480b-baee-9c699c7e53ad,322368
0a63b0eb-3be3-44d3-a8ab-4ad0bfb52de4,43c215f7-36dc-43a5-bece-4afbb991d22f,88272
00648f31-1ba8-4e29-a7fb-98ba7291e0f4,b1861ea7-211f-4f7a-b47a-3d2400915ed5,59308
0a63b0eb-3be3-44d3-a8ab-4ad0bfb52de4,02b67ba4-9745-4cf1-99fc-f265fa66208a,637862
1f2c53ee-3284-4bd2-95ea-e3c0e52f82bc,0d3e50df-a1b4-4442-853f-2168810c4c4c,168002
02b67ba4-9745-4cf1-99fc-f265fa66208a,0a63b0eb-3be3-44d3-a8ab-4ad0bfb52de4,1829
00648f31-1ba8-4e29-a7fb-98ba7291e0f4,1f2c53ee-3284-4bd2-95ea-e3c0e52f82bc,555718
00648f31-1ba8-4e29-a7fb-98ba7291e0f4,1780b29d-3475-495a-9da5-abc8f7ea19c0,661452
0a63b0eb-3be3-44d3-a8ab-4ad0bfb52de4,b1861ea7-211f-4f7a-b47a-3d2400915ed5,689761
d88c7b4e-6c43-432c-a97e-b4bcdcf4ca25,0a63b0eb-3be3-44d3-a8ab-4ad0bfb52de4,156768
8a827925-5e26-4805-afca-6bdc213ac807,0a63b0eb-3be3-44d3-a8ab-4ad0bfb52de4,561412
d88c7b4e-6c43-432c-a97e-b4bcdcf4ca25,0d3e50df-a1b4-4442-853f-2168810c4c4c,551502
41a4500f-b924-4cb1-9a10-65142404b0ef,53cbe9ae-d2f0-480b-baee-9c699c7e53ad,949693
0a63b0eb-3be3-44d3-a8ab-4ad0bfb52de4,ab97df4d-8653-4d45-86c1-a80432394e3a,937523
43c215f7-36dc-43a5-bece-4afbb991d22f,41a4500f-b924-4cb1-9a10-65142404b0ef,862368
53cbe9ae-d2f0-480b-baee-9c699c7e53ad,b1861ea7-211f-4f7a-b47a-3d2400915ed5,879745
1f2c53ee-3284-4bd2-95ea-e3c0e52f82bc,ab97df4d-8653-4d45-86c1-a80432394e3a,554035
b1861ea7-211f-4f7a-b47a-3d2400915ed5,a797c9be-ccc5-4b33-9207-003f2c2d620a,974986
a797c9be-ccc5-4b33-9207-003f2c2d620a,00648f31-1ba8-4e29-a7fb-98ba7291e0f4,574098
a797c9be-ccc5-4b33-9207-003f2c2d620a,d88c7b4e-6c43-432c-a97e-b4bcdcf4ca25,235682
91c7e56f-949b-41db-988e-9e519da20031,8a827925-5e26-4805-afca-6bdc213ac807,75689
00648f31-1ba8-4e29-a7fb-98ba7291e0f4,0d3e50df-a1b4-4442-853f-2168810c4c4c,885783
34ff45be-e9e4-475e-b6a2-0d48aaa93963,1f2c53ee-3284-4bd2-95ea-e3c0e52f82bc,628407
153823d0-b74a-4896-8651-af4ea54420c9,d88c7b4e-6c43-432c-a97e-b4bcdcf4ca25,84605
d88c7b4e-6c43-432c-a97e-b4bcdcf4ca25,e8cd42b9-3a3e-4196-ad2e-5d352fd746ce,778186
53cbe9ae-d2f0-480b-baee-9c699c7e53ad,8a827925-5e26-4805-afca-6bdc213ac807,112580
41a4500f-b924-4cb1-9a10-65142404b0ef,e8cd42b9-3a3e-4196-ad2e-5d352fd746ce,454933
153823d0-b74a-4896-8651-af4ea54420c9,91c7e56f-949b-41db-988e-9e519da20031,979684
6c52ca04-4be0-4da0-b114-b1c032949105,0a63b0eb-3be3-44d3-a8ab-4ad0bfb52de4,363481
1780b29d-3475-495a-9da5-abc8f7ea19c0,6c52ca04-4be0-4da0-b114-b1c032949105,568701
43c215f7-36dc-43a5-bece-4afbb991d22f,02b67ba4-9745-4cf1-99fc-f265fa66208a,285954
1f2c53ee-3284-4bd2-95ea-e3c0e52f82bc,0d3e50df-a1b4-4442-853f-2168810c4c4c,869968
8a827925-5e26-4805-afca-6bdc213ac807,520cb69c-9e4a-4100-84a1-f7d5445a024d,688682
34ff45be-e9e4-475e-b6a2-0d48aaa93963,a797c9be-ccc5-4b33-9207-003f2c2d620a,250144
1780b29d-3475-495a-9da5-abc8f7ea19c0,153823d0-b74a-4896-8651-af4ea54420c9,264492
34ff45be-e9e4-475e-b6a2-0d48aaa93963,00648f31-1ba8-4e29-a7fb-98ba7291e0f4,679393
ab97df4d-8653-4d45-86c1-a80432394e3a,34ff45be-e9e4-475e-b6a2-0d48aaa93963,264564
e8cd42b9-3a3e-4196-ad2e-5d352fd746ce,1780b29d-3475-495a-9da5-abc8f7ea19c0,736971
34ff45be-e9e4-475e-b6a2-0d48aaa93963,e8cd42b9-3a3e-4196-ad2e-5d352fd746ce,3834
153823d0-b74a-4896-8651-af4ea54420c9,e8cd42b9-3a3e-4196-ad2e-5d352fd746ce,782709
53cbe9ae-d2f0-480b-baee-9c699c7e53ad,ab97df4d-8653-4d45-86c1-a80432394e3a,355786
520cb69c-9e4a-4100-84a1-f7d5445a024d,1f2c53ee-3284-4bd2-95ea-e3c0e52f82bc,766856
d88c7b4e-6c43-432c-a97e-b4bcdcf4ca25,00648f31-1ba8-4e29-a7fb-98ba7291e0f4,394263
e8cd42b9-3a3e-4196-ad2e-5d352fd746ce,0a63b0eb-3be3-44d3-a8ab-4ad0bfb52de4,615407
ab97df4d-8653-4d45-86c1-a80432394e3a,e8cd42b9-3a3e-4196-ad2e-5d352fd746ce,658289
ab97df4d-8653-4d45-86c1-a80432394e3a,d88c7b4e-6c43-432c-a97e-b4bcdcf4ca25,400287
0d3e50df-a1b4-4442-853f-2168810c4c4c,8a827925-5e26-4805-afca-6bdc213ac807,355415
1f2c53ee-3284-4bd2-95ea-e3c0e52f82bc,1780b29d-3475-495a-9da5-abc8f7ea19c0,671823
6c52ca04-4be0-4da0-b114-b1c032949105,1f2c53ee-3284-4bd2-95ea-e3c0e52f82bc,260115
520cb69c-9e4a-4100-84a1-f7d5445a024d,d88c7b4e-6c43-432c-a97e-b4bcdcf4ca25,953216
153823d0-b74a-4896-8651-af4ea54420c9,6c52ca04-4be0-4da0-b114-b1c032949105,181819
00648f31-1ba8-4e29-a7fb-98ba7291e0f4,34ff45be-e9e4-475e-b6a2-0d48aaa93963,7153
8a827925-5e26-4805-afca-6bdc213ac807,91c7e56f-949b-41db-988e-9e519da20031,980697
520cb69c-9e4a-4100-84a1-f7d5445a024d,1780b29d-3475-495a-9da5-abc8f7ea19c0,981844
a797c9be-ccc5-4b33-9207-003f2c2d620a,41a4500f-b924-4cb1-9a10-65142404b0ef,574935
8a827925-5e26-4805-afca-6bdc213ac807,d88c7b4e-6c43-432c-a97e-b4bcdcf4ca25,3948
43c215f7-36dc-43a5-bece-4afbb991d22f,153823d0-b74a-4896-8651-af4ea54420c9,302111
8a827925-5e26-4805-afca-6bdc213ac807,0d3e50df-a1b4-4442-853f-2168810c4c4c,833959
34ff45be-e9e4-475e-b6a2-0d48aaa93963,00648f31-1ba8-4e29-a7fb-98ba7291e0f4,517979
43c215f7-36dc-43a5-bece-4afbb991d22f,0a63b0eb-3be3-44d3-a8ab-4ad0bfb52de4,867920
b1861ea7-211f-4f7a-b47a-3d2400915ed5,41a4500f-b924-4cb1-9a10-65142404b0ef,332425
6c52ca04-4be0-4da0-b114-b1c032949105,91c7e56f-949b-41db-988e-9e519da20031,175932
153823d0-b74a-4896-8651-af4ea54420c9,a797c9be-ccc5-4b33-9207-003f2c2d620a,964919
41a4500f-b924-4cb1-9a10-65142404b0ef,34ff45be-e9e4-475e-b6a2-0d48aaa93963,817027
1780b29d-3475-495a-9da5-abc8f7ea19c0,00648f31-1ba8-4e29-a7fb-98ba7291e0f4,972539
53cbe9ae-d2f0-480b-baee-9c699c7e53ad,34ff45be-e9e4-475e-b6a2-0d48aaa93963,634357
0a63b0eb-3be3-44d3-a8ab-4ad0bfb52de4,43c215f7-36dc-43a5-bece-4afbb991d22f,680416
b1861ea7-211f-4f7a-b47a-3d2400915ed5,02b67ba4-9745-4cf1-99fc-f265fa66208a,919170
d88c7b4e-6c43-432c-a97e-b4bcdcf4ca25,91c7e56f-949b-41db-988e-9e519da20031,472941
8a827925-5e26-4805-afca-6bdc213ac807,a797c9be-ccc5-4b33-9207-003f2c2d620a,739940
41a4500f-b924-4cb1-9a10-65142404b0ef,ab97df4d-8653-4d45-86c1-a80432394e3a,354361
41a4500f-b924-4cb1-9a10-65142404b0ef,b1861ea7-211f-4f7a-b47a-3d2400915ed5,208504
43c215f7-36dc-43a5-bece-4afbb991d22f,43c215f7-36dc-43a5-bece-4afbb991d22f,311525
1f2c53ee-3284-4bd2-95ea-e3c0e52f82bc,b1861ea7-211f-4f7a-b47a-3d2400915ed5,820924
02b67ba4-9745-4cf1-99fc-f265fa66208a,153823d0-b74a-4896-8651-af4ea54420c9,884883
6c52ca04-4be0-4da0-b114-b1c032949105,6c52ca04-4be0-4da0-b114-b1c032949105,663813
a797c9be-ccc5-4b33-9207-003f2c2d620a,153823d0-b74a-4896-8651-af4ea54420c9,24263
02b67ba4-9745-4cf1-99fc-f265fa66208a,e8cd42b9-3a3e-4196-ad2e-5d352fd746ce,380694
ab97df4d-8653-4d45-86c1-a80432394e3a,0a63b0eb-3be3-44d3-a8ab-4ad0bfb52de4,503133
8a827925-5e26-4805-afca-6bdc213ac807,34ff45be-e9e4-475e-b6a2-0d48aaa93963,204886
0d3e50df-a1b4-4442-853f-2168810c4c4c,41a4500f-b924-4cb1-9a10-65142404b0ef,576271
8a827925-5e26-4805-afca-6bdc213ac807,b1861ea7-211f-4f7a-b47a-3d2400915ed5,536425
0d3e50df-a1b4-4442-853f-2168810c4c4c,02b67ba4-9745-4cf1-99fc-f265fa66208a,637279
34ff45be-e9e4-475e-b6a2-0d48aaa93963,6c52ca04-4be0-4da0-b114-b1c032949105,188259
00648f31-1ba8-4e29-a7fb-98ba7291e0f4,1f2c53ee-3284-4bd2-95ea-e3c0e52f82bc,927399
34ff45be-e9e4-475e-b6a2-0d48aaa93963,e8cd42b9-3a3e-4196-ad2e-5d352fd746ce,267345
34ff45be-e9e4-475e-b6a2-0d48aaa93963,153823d0-b74a-4896-8651-af4ea54420c9,80168
91c7e56f-949b-41db-988e-9e519da20031,02b67ba4-9745-4cf1-99fc-f265fa66208a,26450
00648f31-1ba8-4e29-a7fb-98ba7291e0f4,153823d0-b74a-4896-8651-af4ea54420c9,254875
6c52ca04-4be0-4da0-b114-b1c032949105,153823d0-b74a-4896-8651-af4ea54420c9,328514
a797c9be-ccc5-4b33-9207-003f2c2d620a,91c7e56f-949b-41db-988e-9e519da20031,112080
6c52ca04-4be0-4da0-b114-b1c032949105,1f2c53ee-3284-4bd2-95ea-e3c0e52f82bc,834159
520cb69c-9e4a-4100-84a1-f7d5445a024d,0d3e50df-a1b4-4442-853f-2168810c4c4c,67632
1780b29d-3475-495a-9da5-abc8f7ea19c0,53cbe9ae-d2f0-480b-baee-9c699c7e53ad,374354
1f2c53ee-3284-4bd2-95ea-e3c0e52f82bc,00648f31-1ba8-4e29-a7fb-98ba7291e0f4,972129
41a4500f-b924-4cb1-9a10-65142404b0ef,1780b29d-3475-495a-9da5-abc8f7ea19c0,758669
0d3e50df-a1b4-4442-853f-2168810c4c4c,34ff45be-e9e4-475e-b6a2-0d48aaa93963,74909
00648f31-1ba8-4e29-a7fb-98ba7291e0f4,34ff45be-e9e4-475e-b6a2-0d48aaa93963,473960
34ff45be-e9e4-475e-b6a2-0d48aaa93963,b1861ea7-211f-4f7a-b47a-3d2400915ed5,991703
b1861ea7-211f-4f7a-b47a-3d2400915ed5,ab97df4d-8653-4d45-86c1-a80432394e3a,365509
e8cd42b9-3a3e-4196-ad2e-5d352fd746ce,0d3e50df-a1b4-4442-853f-2168810c4c4c,266842
1f2c53ee-3284-4bd2-95ea-e3c0e52f82bc,53cbe9ae-d2f0-480b-baee-9c699c7e53ad,208845
a797c9be-ccc5-4b33-9207-003f2c2d620a,1f2c53ee-3284-4bd2-95ea-e3c0e52f82bc,67983
00648f31-1ba8-4e29-a7fb-98ba7291e0f4,a797c9be-ccc5-4b33-9207-003f2c2d620a,805905
a797c9be-ccc5-4b33-9207-003f2c2d620a,e8cd42b9-3a3e-4196-ad2e-5d352fd746ce,476829
0d3e50df-a1b4-4442-853f-2168810c4c4c,8a827925-5e26-4805-afca-6bdc213ac807,774678
43c215f7-36dc-43a5-bece-4afbb991d22f,8a827925-5e26-4805-afca-6bdc213ac807,607876
00648f31-1ba8-4e29-a7fb-98ba7291e0f4,a797c9be-ccc5-4b33-9207-003f2c2d620a,508621
a797c9be-ccc5-4b33-9207-003f2c2d620a,0d3e50df-a1b4-4442-853f-2168810c4c4c,589099
e8cd42b9-3a3e-4196-ad2e-5d352fd746ce,1780b29d-3475-495a-9da5-abc8f7ea19c0,28339
e8cd42b9-3a3e-4196-ad2e-5d352fd746ce,91c7e56f-949b-41db-988e-9e519da20031,738173
ab97df4d-8653-4d45-86c1-a80432394e3a,1f2c53ee-3284-4bd2-95ea-e3c0e52f82bc,475794
d88c7b4e-6c43-432c-a97e-b4bcdcf4ca25,0d3e50df-a1b4-4442-853f-2168810c4c4c,333843
6c52ca04-4be0-4da0-b114-b1c032949105,b1861ea7-211f-4f7a-b47a-3d2400915ed5,599263
34ff45be-e9e4-475e-b6a2-0d48aaa93963,6c52ca04-4be0-4da0-b114-b1c032949105,960971
e8cd42b9-3a3e-4196-ad2e-5d352fd746ce,6c52ca04-4be0-4da0-b114-b1c032949105,136823
43c215f7-36dc-43a5-bece-4afbb991d22f,02b67ba4-9745-4cf1-99fc-f265fa66208a,259326
6c52ca04-4be0-4da0-b114-b1c032949105,91c7e56f-949b-41db-988e-9e519da20031,362732
1f2c53ee-3284-4bd2-95ea-e3c0e52f82bc,02b67ba4-9745-4cf1-99fc-f265fa66208a,716406
02b67ba4-9745-4cf1-99fc-f265fa66208a,520cb69c-9e4a-4100-84a1-f7d5445a024d,355949
02b67ba4-9745-4cf1-99fc-f265fa66208a,d88c7b4e-6c43-432c-a97e-b4bcdcf4ca25,592745
520cb69c-9e4a-4100-84a1-f7d5445a024d,43c215f7-36dc-43a5-bece-4afbb991d22f,587698
00648f31-1ba8-4e29-a7fb-98ba7291e0f4,d88c7b4e-6c43-432c-a97e-b4bcdcf4ca25,289088
6c52ca04-4be0-4da0-b114-b1c032949105,0d3e50df-a1b4-4442-853f-2168810c4c4c,703678
520cb69c-9e4a-4100-84a1-f7d5445a024d,1780b29d-3475-495a-9da5-abc8f7ea19c0,772093
34ff45be-e9e4-475e-b6a2-0d48aaa93963,153823d0-b74a-4896-8651-af4ea54420c9,773276
02b67ba4-9745-4cf1-99fc-f265fa66208a,b1861ea7-211f-4f7a-b47a-3d2400915ed5,854730
6c52ca04-4be0-4da0-b114-b1c032949105,34ff45be-e9e4-475e-b6a2-0d48aaa93963,438442
0d3e50df-a1b4-4442-853f-2168810c4c4c,02b67ba4-9745-4cf1-99fc-f265fa66208a,409533
1f2c53ee-3284-4bd2-95ea-e3c0e52f82bc,00648f31-1ba8-4e29-a7fb-98ba7291e0f4,436760
53cbe9ae-d2f0-480b-baee-9c699c7e53ad,0a63b0eb-3be3-44d3-a8ab-4ad0bfb52de4,694236
0a63b0eb-3be3-44d3-a8ab-4ad0bfb52de4,8a827925-5e26-4805-afca-6bdc213ac807,243815
6c52ca04-4be0-4da0-b114-b1c032949105,41a4500f-b924-4cb1-9a10-65142404b0ef,832870
1780b29d-3475-495a-9da5-abc8f7ea19c0,02b67ba4-9745-4cf1-99fc-f265fa66208a,421153
0a63b0eb-3be3-44d3-a8ab-4ad0bfb52de4,d88c7b4e-6c43-432c-a97e-b4bcdcf4ca25,139592
1f2c53ee-3284-4bd2-95ea-e3c0e52f82bc,8a827925-5e26-4805-afca-6bdc213ac807,406204
0d3e50df-a1b4-4442-853f-2168810c4c4c,00648f31-1ba8-4e29-a7fb-98ba7291e0f4,965086
1f2c53ee-3284-4bd2-95ea-e3c0e52f82bc,00648f31-1ba8-4e29-a7fb-98ba7291e0f4,813042
a797c9be-ccc5-4b33-9207-003f2c2d620a,0d3e50df-a1b4-4442-853f-2168810c4c4c,111222
43c215f7-36dc-43a5-bece-4afbb991d22f,02b67ba4-9745-4cf1-99fc-f265fa66208a,770562
a797c9be-ccc5-4b33-9207-003f2c2d620a,520cb69c-9e4a-4100-84a1-f7d5445a024d,711434
0d3e50df-a1b4-4442-853f-2168810c4c4c,e8cd42b9-3a3e-4196-ad2e-5d352fd746ce,958994
ab97df4d-8653-4d45-86c1-a80432394e3a,1f2c53ee-3284-4bd2-95ea-e3c0e52f82bc,187203
91c7e56f-949b-41db-988e-9e519da20031,153823d0-b74a-4896-8651-af4ea54420c9,378815
1f2c53ee-3284-4bd2-95ea-e3c0e52f82bc,0d3e50df-a1b4-4442-853f-2168810c4c4c,796811
6c52ca04-4be0-4da0-b114-b1c032949105,e8cd42b9-3a3e-4196-ad2e-5d352fd746ce,241534
d88c7b4e-6c43-432c-a97e-b4bcdcf4ca25,00648f31-1ba8-4e29-a7fb-98ba7291e0f4,273163
8a827925-5e26-4805-afca-6bdc213ac807,02b67ba4-9745-4cf1-99fc-f265fa66208a,779238
153823d0-b74a-4896-8651-af4ea54420c9,8a827925-5e26-4805-afca-6bdc213ac807,200522
43c215f7-36dc-43a5-bece-4afbb991d22f,b1861ea7-211f-4f7a-b47a-3d2400915ed5,484608
00648f31-1ba8-4e29-a7fb-98ba7291e0f4,53cbe9ae-d2f0-480b-baee-9c699c7e53ad,173710
91c7e56f-949b-41db-988e-9e519da20031,91c7e56f-949b-41db-988e-9e519da20031,96695
b1861ea7-211f-4f7a-b47a-3d2400915ed5,53cbe9ae-d2f0-480b-baee-9c699c7e53ad,583287
8a827925-5e26-4805-afca-6bdc213ac807,e8cd42b9-3a3e-4196-ad2e-5d352fd746ce,530578
1f2c53ee-3284-4bd2-95ea-e3c0e52f82bc,41a4500f-b924-4cb1-9a10-65142404b0ef,526583
ab97df4d-8653-4d45-86c1-a80432394e3a,6c52ca04-4be0-4da0-b114-b1c032949105,501048
91c7e56f-949b-41db-988e-9e519da20031,b1861ea7-211f-4f7a-b47a-3d2400915ed5,388570
43c215f7-36dc-43a5-bece-4afbb991d22f,ab97df4d-8653-4d45-86c1-a80432394e3a,921079
ab97df4d-8653-4d45-86c1-a80432394e3a,91c7e56f-949b-41db-988e-9e519da20031,119680
153823d0-b74a-4896-8651-af4ea54420c9,53cbe9ae-d2f0-480b-baee-9c699c7e53ad,394902
1780b29d-3475-495a-9da5-abc8f7ea19c0,b1861ea7-211f-4f7a-b47a-3d2400915ed5,237192
91c7e56f-949b-41db-988e-9e519da20031,6c52ca04-4be0-4da0-b114-b1c032949105,99359
ab97df4d-8653-4d45-86c1-a80432394e3a,520cb69c-9e4a-4100-84a1-f7d5445a024d,726842
a797c9be-ccc5-4b33-9207-003f2c2d620a,0a63b0eb-3be3-44d3-a8ab-4ad0bfb52de4,963172
0d3e50df-a1b4-4442-853f-2168810c4c4c,520cb69c-9e4a-4100-84a1-f7d5445a024d,885438
02b67ba4-9745-4cf1-99fc-f265fa66208a,0a63b0eb-3be3-44d3-a8ab-4ad0bfb52de4,235196
41a4500f-b924-4cb1-9a10-65142404b0ef,d88c7b4e-6c43-432c-a97e-b4bcdcf4ca25,711409
34ff45be-e9e4-475e-b6a2-0d48aaa93963,e8cd42b9-3a3e-4196-ad2e-5d352fd746ce,81845
1780b29d-3475-495a-9da5-abc8f7ea19c0,520cb69c-9e4a-4100-84a1-f7d5445a024d,301651
43c215f7-36dc-43a5-bece-4afbb991d22f,1780b29d-3475-495a-9da5-abc8f7ea19c0,676782
d88c7b4e-6c43-432c-a97e-b4bcdcf4ca25,91c7e56f-949b-41db-988e-9e519da20031,685877
1780b29d-3475-495a-9da5-abc8f7ea19c0,91c7e56f-949b-41db-988e-9e519da20031,363936
91c7e56f-949b-41db-988e-9e519da20031,1780b29d-3475-495a-9da5-abc8f7ea19c0,736656
a797c9be-ccc5-4b33-9207-003f2c2d620a,1780b29d-3475-495a-9da5-abc8f7ea19c0,332239
41a4500f-b924-4cb1-9a10-65142404b0ef,a797c9be-ccc5-4b33-9207-003f2c2d620a,684219
e8cd42b9-3a3e-4196-ad2e-5d352fd746ce,02b67ba4-9745-4cf1-99fc-f265fa66208a,603736
91c7e56f-949b-41db-988e-9e519da20031,1f2c53ee-3284-4bd2-95ea-e3c0e52f82bc,445539
1780b29d-3475-495a-9da5-abc8f7ea19c0,53cbe9ae-d2f0-480b-baee-9c699c7e53ad,311204
8a827925-5e26-4805-afca-6bdc213ac807,8a827925-5e26-4805-afca-6bdc213ac807,286186
34ff45be-e9e4-475e-b6a2-0d48aaa93963,1780b29d-3475-495a-9da5-abc8f7ea19c0,468334
43c215f7-36dc-43a5-bece-4afbb991d22f,41a4500f-b924-4cb1-9a10-65142404b0ef,155640
153823d0-b74a-4896-8651-af4ea54420c9,ab97df4d-8653-4d45-86c1-a80432394e3a,276329
41a4500f-b924-4cb1-9a10-65142404b0ef,1f2c53ee-3284-4bd2-95ea-e3c0e52f82bc,450939
6c52ca04-4be0-4da0-b114-b1c032949105,153823d0-b74a-4896-8651-af4ea54420c9,409070
53cbe9ae-d2f0-480b-baee-9c699c7e53ad,0a63b0eb-3be3-44d3-a8ab-4ad0bfb52de4,384624
1780b29d-3475-495a-9da5-abc8f7ea19c0,d88c7b4e-6c43-432c-a97e-b4bcdcf4ca25,148800
6c52ca04-4be0-4da0-b114-b1c032949105,ab97df4d-8653-4d45-86c1-a80432394e3a,494912
a797c9be-ccc5-4b33-9207-003f2c2d620a,1f2c53ee-3284-4bd2-95ea-e3c0e52f82bc,575706
b1861ea7-211f-4f7a-b47a-3d2400915ed5,b1861ea7-211f-4f7a-b47a-3d2400915ed5,231155
34ff45be-e9e4-475e-b6a2-0d48aaa93963,00648f31-1ba8-4e29-a7fb-98ba7291e0f4,621565
153823d0-b74a-4896-8651-af4ea54420c9,1f2c53ee-3284-4bd2-95ea-e3c0e52f82bc,830990
1f2c53ee-3284-4bd2-95ea-e3c0e52f82bc,b1861ea7-211f-4f7a-b47a-3d2400915ed5,266061
1f2c53ee-3284-4bd2-95ea-e3c0e52f82bc,02b67ba4-9745-4cf1-99fc-f265fa66208a,172584
0d3e50df-a1b4-4442-853f-2168810c4c4c,34ff45be-e9e4-475e-b6a2-0d48aaa93963,665433
53cbe9ae-d2f0-480b-baee-9c699c7e53ad,02b67ba4-9745-4cf1-99fc-f265fa66208a,261374
ab97df4d-8653-4d45-86c1-a80432394e3a,91c7e56f-949b-41db-988e-9e519da20031,593526
43c215f7-36dc-43a5-bece-4afbb991d22f,e8cd42b9-3a3e-4196-ad2e-5d352fd746ce,889230
00648f31-1ba8-4e29-a7fb-98ba7291e0f4,00648f31-1ba8-4e29-a7fb-98ba7291e0f4,363450
1f2c53ee-3284-4bd2-95ea-e3c0e52f82bc,53cbe9ae-d2f0-480b-baee-9c699c7e53ad,501141
91c7e56f-949b-41db-988e-9e519da20031,e8cd42b9-3a3e-4196-ad2e-5d352fd746ce,261816
34ff45be-e9e4-475e-b6a2-0d48aaa93963,8a827925-5e26-4805-afca-6bdc213ac807,539498
d88c7b4e-6c43-432c-a97e-b4bcdcf4ca25,0d3e50df-a1b4-4442-853f-2168810c4c4c,657636
43c215f7-36dc-43a5-bece-4afbb991d22f,53cbe9ae-d2f0-480b-baee-9c699c7e53ad,665548
1780b29d-3475-495a-9da5-abc8f7ea19c0,91c7e56f-949b-41db-988e-9e519da20031,442020
53cbe9ae-d2f0-480b-baee-9c699c7e53ad,ab97df4d-8653-4d45-86c1-a80432394e3a,716904
520cb69c-9e4a-4100-84a1-f7d5445a024d,8a827925-5e26-4805-afca-6bdc213ac807,134598
520cb69c-9e4a-4100-84a1-f7d5445a024d,520cb69c-9e4a-4100-84a1-f7d5445a024d,741746
41a4500f-b924-4cb1-9a10-65142404b0ef,34ff45be-e9e4-475e-b6a2-0d48aaa93963,296731
ab97df4d-8653-4d45-86c1-a80432394e3a,0d3e50df-a1b4-4442-853f-2168810c4c4c,865991
153823d0-b74a-4896-8651-af4ea54420c9,ab97df4d-8653-4d45-86c1-a80432394e3a,307627
43c215f7-36dc-43a5-bece-4afbb991d22f,153823d0-b74a-4896-8651-af4ea54420c9,182326
6c52ca04-4be0-4da0-b114-b1c032949105,53cbe9ae-d2f0-480b-baee-9c699c7e53ad,709835
1f2c53ee-3284-4bd2-95ea-e3c0e52f82bc,41a4500f-b924-4cb1-9a10-65142404b0ef,513972
0d3e50df-a1b4-4442-853f-2168810c4c4c,520cb69c-9e4a-4100-84a1-f7d5445a024d,866499
a797c9be-ccc5-4b33-9207-003f2c2d620a,1f2c53ee-3284-4bd2-95ea-e3c0e52f82bc,729289
1f2c53ee-3284-4bd2-95ea-e3c0e52f82bc,0d3e50df-a1b4-4442-853f-2168810c4c4c,443532
43c215f7-36dc-43a5-bece-4afbb991d22f,8a827925-5e26-4805-afca-6bdc213ac807,389376
02b67ba4-9745-4cf1-99fc-f265fa66208a,91c7e56f-949b-41db-988e-9e519da20031,432789
8a827925-5e26-4805-afca-6bdc213ac807,0a63b0eb-3be3-44d3-a8ab-4ad0bfb52de4,647017
1780b29d-3475-495a-9da5-abc8f7ea19c0,0d3e50df-a1b4-4442-853f-2168810c4c4c,95262
8a827925-5e26-4805-afca-6bdc213ac807,00648f31-1ba8-4e29-a7fb-98ba7291e0f4,100085
b1861ea7-211f-4f7a-b47a-3d2400915ed5,ab97df4d-8653-4d45-86c1-a80432394e3a,461004
153823d0-b74a-4896-8651-af4ea54420c9,ab97df4d-8653-4d45-86c1-a80432394e3a,777601
520cb69c-9e4a-4100-84a1-f7d5445a024d,8a827925-5e26-4805-afca-6bdc213ac807,371210
43c215f7-36dc-43a5-bece-4afbb991d22f,02b67ba4-9745-4cf1-99fc-f265fa66208a,827659
ab97df4d-8653-4d45-86c1-a80432394e3a,00648f31-1ba8-4e29-a7fb-98ba7291e0f4,422244
8a827925-5e26-4805-afca-6bdc213ac807,43c215f7-36dc-43a5-bece-4afbb991d22f,942068
6c52ca04-4be0-4da0-b114-b1c032949105,02b67ba4-9745-4cf1-99fc-f265fa66208a,856924
b1861ea7-211f-4f7a-b47a-3d2400915ed5,d88c7b4e-6c43-432c-a97e-b4bcdcf4ca25,104000
b1861ea7-211f-4f7a-b47a-3d2400915ed5,6c52ca04-4be0-4da0-b114-b1c032949105,551863
0a63b0eb-3be3-44d3-a8ab-4ad0bfb52de4,41a4500f-b924-4cb1-9a10-65142404b0ef,492673
153823d0-b74a-4896-8651-af4ea54420c9,02b67ba4-9745-4cf1-99fc-f265fa66208a,401537
0a63b0eb-3be3-44d3-a8ab-4ad0bfb52de4,0d3e50df-a1b4-4442-853f-2168810c4c4c,366734
41a4500f-b924-4cb1-9a10-65142404b0ef,0a63b0eb-3be3-44d3-a8ab-4ad0bfb52de4,471088
1780b29d-3475-495a-9da5-abc8f7ea19c0,153823d0-b74a-4896-8651-af4ea54420c9,384008
a797c9be-ccc5-4b33-9207-003f2c2d620a,1f2c53ee-3284-4bd2-95ea-e3c0e52f82bc,355657
43c215f7-36dc-43a5-bece-4afbb991d22f,91c7e56f-949b-41db-988e-9e519da20031,357887
1f2c53ee-3284-4bd2-95ea-e3c0e52f82bc,0d3e50df-a1b4-4442-853f-2168810c4c4c,318803
0a63b0eb-3be3-44d3-a8ab-4ad0bfb52de4,0a63b0eb-3be3-44d3-a8ab-4ad0bfb52de4,156339
0a63b0eb-3be3-44d3-a8ab-4ad0bfb52de4,1780b29d-3475-495a-9da5-abc8f7ea19c0,62275
43c215f7-36dc-43a5-bece-4afbb991d22f,ab97df4d-8653-4d45-86c1-a80432394e3a,100707
91c7e56f-949b-41db-988e-9e519da20031,e8cd42b9-3a3e-4196-ad2e-5d352fd746ce,177903
91c7e56f-949b-41db-988e-9e519da20031,0a63b0eb-3be3-44d3-a8ab-4ad0bfb52de4,455609
6c52ca04-4be0-4da0-b114-b1c032949105,d88c7b4e-6c43-432c-a97e-b4bcdcf4ca25,335736
6c52ca04-4be0-4da0-b114-b1c032949105,153823d0-b74a-4896-8651-af4ea54420c9,888553
153823d0-b74a-4896-8651-af4ea54420c9,00648f31-1ba8-4e29-a7fb-98ba7291e0f4,439338
b1861ea7-211f-4f7a-b47a-3d2400915ed5,43c215f7-36dc-43a5-bece-4afbb991d22f,153797
0d3e50df-a1b4-4442-853f-2168810c4c4c,a797c9be-ccc5-4b33-9207-003f2c2d620a,180174
b1861ea7-211f-4f7a-b47a-3d2400915ed5,41a4500f-b924-4cb1-9a10-65142404b0ef,49299
1f2c53ee-3284-4bd2-95ea-e3c0e52f82bc,0d3e50df-a1b4-4442-853f-2168810c4c4c,788336
b1861ea7-211f-4f7a-b47a-3d2400915ed5,43c215f7-36dc-43a5-bece-4afbb991d22f,431356
8a827925-5e26-4805-afca-6bdc213ac807,e8cd42b9-3a3e-4196-ad2e-5d352fd746ce,484867
0d3e50df-a1b4-4442-853f-2168810c4c4c,8a827925-5e26-4805-afca-6bdc213ac807,334219
520cb69c-9e4a-4100-84a1-f7d5445a024d,02b67ba4-9745-4cf1-99fc-f265fa66208a,575103
1f2c53ee-3284-4bd2-95ea-e3c0e52f82bc,a797c9be-ccc5-4b33-9207-003f2c2d620a,273827
6c52ca04-4be0-4da0-b114-b1c032949105,520cb69c-9e4a-4100-84a1-f7d5445a024d,213835
ab97df4d-8653-4d45-86c1-a80432394e3a,b1861ea7-211f-4f7a-b47a-3d2400915ed5,660251
02b67ba4-9745-4cf1-99fc-f265fa66208a,8a827925-5e26-4805-afca-6bdc213ac807,539482
6c52ca04-4be0-4da0-b114-b1c032949105,00648f31-1ba8-4e29-a7fb-98ba7291e0f4,668839
91c7e56f-949b-41db-988e-9e519da20031,43c215f7-36dc-43a5-bece-4afbb991d22f,433103
1780b29d-3475-495a-9da5-abc8f7ea19c0,153823d0-b74a-4896-8651-af4ea54420c9,357059
ab97df4d-8653-4d45-86c1-a80432394e3a,43c215f7-36dc-43a5-bece-4afbb991d22f,949200
0d3e50df-a1b4-4442-853f-2168810c4c4c,153823d0-b74a-4896-8651-af4ea54420c9,212863
34ff45be-e9e4-475e-b6a2-0d48aaa93963,d88c7b4e-6c43-432c-a97e-b4bcdcf4ca25,171083
1f2c53ee-3284-4bd2-95ea-e3c0e52f82bc,520cb69c-9e4a-4100-84a1-f7d5445a024d,176747
00648f31-1ba8-4e29-a7fb-98ba7291e0f4,43c215f7-36dc-43a5-bece-4afbb991d22f,912111
91c7e56f-949b-41db-988e-9e519da20031,d88c7b4e-6c43-432c-a97e-b4bcdcf4ca25,695285
ab97df4d-8653-4d45-86c1-a80432394e3a,1f2c53ee-3284-4bd2-95ea-e3c0e52f82bc,785100
34ff45be-e9e4-475e-b6a2-0d48aaa93963,0d3e50df-a1b4-4442-853f-2168810c4c4c,483392
520cb69c-9e4a-4100-84a1-f7d5445a024d,41a4500f-b924-4cb1-9a10-65142404b0ef,442899
43c215f7-36dc-43a5-bece-4afbb991d22f,ab97df4d-8653-4d45-86c1-a80432394e3a,957515
1780b29d-3475-495a-9da5-abc8f7ea19c0,a797c9be-ccc5-4b33-9207-003f2c2d620a,244171
a797c9be-ccc5-4b33-9207-003f2c2d620a,e8cd42b9-3a3e-4196-ad2e-5d352fd746ce,203363
02b67ba4-9745-4cf1-99fc-f265fa66208a,1780b29d-3475-495a-9da5-abc8f7ea19c0,362638
1780b29d-3475-495a-9da5-abc8f7ea19c0,34ff45be-e9e4-475e-b6a2-0d48aaa93963,139200
0a63b0eb-3be3-44d3-a8ab-4ad0bfb52de4,8a827925-5e26-4805-afca-6bdc213ac807,735601
91c7e56f-949b-41db-988e-9e519da20031,0d3e50df-a1b4-4442-853f-2168810c4c4c,146628
43c215f7-36dc-43a5-bece-4afbb991d22f,e8cd42b9-3a3e-4196-ad2e-5d352fd746ce,614715
a797c9be-ccc5-4b33-9207-003f2c2d620a,53cbe9ae-d2f0-480b-baee-9c699c7e53ad,944506
0d3e50df-a1b4-4442-853f-2168810c4c4c,43c215f7-36dc-43a5-bece-4afbb991d22f,46512
91c7e56f-949b-41db-988e-9e519da20031,d88c7b4e-6c43-432c-a97e-b4bcdcf4ca25,980949
520cb69c-9e4a-4100-84a1-f7d5445a024d,34ff45be-e9e4-475e-b6a2-0d48aaa93963,463339
6c52ca04-4be0-4da0-b114-b1c032949105,53cbe9ae-d2f0-480b-baee-9c699c7e53ad,942085
ab97df4d-8653-4d45-86c1-a80432394e3a,00648f31-1ba8-4e29-a7fb-98ba7291e0f4,717955
43c215f7-36dc-43a5-bece-4afbb991d22f,41a4500f-b924-4cb1-9a10-65142404b0ef,59362
b1861ea7-211f-4f7a-b47a-3d2400915ed5,43c215f7-36dc-43a5-bece-4afbb991d22f,626674
520cb69c-9e4a-4100-84a1-f7d5445a024d,34ff45be-e9e4-475e-b6a2-0d48aaa93963,693954
6c52ca04-4be0-4da0-b114-b1c032949105,91c7e56f-949b-41db-988e-9e519da20031,490826
43c215f7-36dc-43a5-bece-4afbb991d22f,e8cd42b9-3a3e-4196-ad2e-5d352fd746ce,926470
02b67ba4-9745-4cf1-99fc-f265fa66208a,6c52ca04-4be0-4da0-b114-b1c032949105,442839
520cb69c-9e4a-4100-84a1-f7d5445a024d,ab97df4d-8653-4d45-86c1-a80432394e3a,509733
6c52ca04-4be0-4da0-b114-b1c032949105,91c7e56f-949b-41db-988e-9e519da20031,393613
43c215f7-36dc-43a5-bece-4afbb991d22f,0a63b0eb-3be3-44d3-a8ab-4ad0bfb52de4,801601
41a4500f-b924-4cb1-9a10-65142404b0ef,34ff45be-e9e4-475e-b6a2-0d48aaa93963,735263
02b67ba4-9745-4cf1-99fc-f265fa66208a,91c7e56f-949b-41db-988e-9e519da20031,852637
1f2c53ee-3284-4bd2-95ea-e3c0e52f82bc,6c52ca04-4be0-4da0-b114-b1c032949105,583444
02b67ba4-9745-4cf1-99fc-f265fa66208a,02b67ba4-9745-4cf1-99fc-f265fa66208a,777389
d88c7b4e-6c43-432c-a97e-b4bcdcf4ca25,b1861ea7-211f-4f7a-b47a-3d2400915ed5,388541
0d3e50df-a1b4-4442-853f-2168810c4c4c,ab97df4d-8653-4d45-86c1-a80432394e3a,282207
ab97df4d-8653-4d45-86c1-a80432394e3a,b1861ea7-211f-4f7a-b47a-3d2400915ed5,139752
520cb69c-9e4a-4100-84a1-f7d5445a024d,a797c9be-ccc5-4b33-9207-003f2c2d620a,726615
1f2c53ee-3284-4bd2-95ea-e3c0e52f82bc,0a63b0eb-3be3-44d3-a8ab-4ad0bfb52de4,1953
0d3e50df-a1b4-4442-853f-2168810c4c4c,6c52ca04-4be0-4da0-b114-b1c032949105,154500
ab97df4d-8653-4d45-86c1-a80432394e3a,43c215f7-36dc-43a5-bece-4afbb991d22f,998576
0d3e50df-a1b4-4442-853f-2168810c4c4c,43c215f7-36dc-43a5-bece-4afbb991d22f,91571
153823d0-b74a-4896-8651-af4ea54420c9,91c7e56f-949b-41db-988e-9e519da20031,414690
1780b29d-3475-495a-9da5-abc8f7ea19c0,91c7e56f-949b-41db-988e-9e519da20031,94807
153823d0-b74a-4896-8651-af4ea54420c9,b1861ea7-211f-4f7a-b47a-3d2400915ed5,796403
53cbe9ae-d2f0-480b-baee-9c699c7e53ad,0d3e50df-a1b4-4442-853f-2168810c4c4c,751280
1f2c53ee-3284-4bd2-95ea-e3c0e52f82bc,ab97df4d-8653-4d45-86c1-a80432394e3a,405456
ab97df4d-8653-4d45-86c1-a80432394e3a,53cbe9ae-d2f0-480b-baee-9c699c7e53ad,350196
41a4500f-b924-4cb1-9a10-65142404b0ef,e8cd42b9-3a3e-4196-ad2e-5d352fd746ce,55342
00648f31-1ba8-4e29-a7fb-98ba7291e0f4,6c52ca04-4be0-4da0-b114-b1c032949105,937586
8a827925-5e26-4805-afca-6bdc213ac807,520cb69c-9e4a-4100-84a1-f7d5445a024d,817763
53cbe9ae-d2f0-480b-baee-9c699c7e53ad,1780b29d-3475-495a-9da5-abc8f7ea19c0,577874
0d3e50df-a1b4-4442-853f-2168810c4c4c,41a4500f-b924-4cb1-9a10-65142404b0ef,36698
ab97df4d-8653-4d45-86c1-a80432394e3a,a797c9be-ccc5-4b33-9207-003f2c2d620a,694374
53cbe9ae-d2f0-480b-baee-9c699c7e53ad,6c52ca04-4be0-4da0-b114-b1c032949105,88642
53cbe9ae-d2f0-480b-baee-9c699c7e53ad,ab97df4d-8653-4d45-86c1-a80432394e3a,90346
b1861ea7-211f-4f7a-b47a-3d2400915ed5,02b67ba4-9745-4cf1-99fc-f265fa66208a,473733
0a63b0eb-3be3-44d3-a8ab-4ad0bfb52de4,520cb69c-9e4a-4100-84a1-f7d5445a024d,936503
d88c7b4e-6c43-432c-a97e-b4bcdcf4ca25,00648f31-1ba8-4e29-a7fb-98ba7291e0f4,693433
00648f31-1ba8-4e29-a7fb-98ba7291e0f4,153823d0-b74a-4896-8651-af4ea54420c9,739064
91c7e56f-949b-41db-988e-9e519da20031,b1861ea7-211f-4f7a-b47a-3d2400915ed5,499345
153823d0-b74a-4896-8651-af4ea54420c9,0a63b0eb-3be3-44d3-a8ab-4ad0bfb52de4,886374
1f2c53ee-3284-4bd2-95ea-e3c0e52f82bc,02b67ba4-9745-4cf1-99fc-f265fa66208a,651714
34ff45be-e9e4-475e-b6a2-0d48aaa93963,34ff45be-e9e4-475e-b6a2-0d48aaa93963,974182
520cb69c-9e4a-4100-84a1-f7d5445a024d,0d3e50df-a1b4-4442-853f-2168810c4c4c,124758
1f2c53ee-3284-4bd2-95ea-e3c0e52f82bc,ab97df4d-8653-4d45-86c1-a80432394e3a,801152
53cbe9ae-d2f0-480b-baee-9c699c7e53ad,02b67ba4-9745-4cf1-99fc-f265fa66208a,237430
0d3e50df-a1b4-4442-853f-2168810c4c4c,b1861ea7-211f-4f7a-b47a-3d2400915ed5,847953
8a827925-5e26-4805-afca-6bdc213ac807,0d3e50df-a1b4-4442-853f-2168810c4c4c,229273